,movie_id,Action,Adventure,Animation,Children's,Comedy,Crime,Documentary,Drama,Fantasy,Film-Noir,Horror,Musical,Mystery,Romance,Sci-Fi,Thriller,War,Western,year
0,0,0,0,1,1,1,0,0,0,0,0,0,0,0,0,0,0,0,0,199
1,1,1,1,0,0,0,0,0,0,0,0,0,0,0,0,0,1,0,0,199
2,2,0,0,0,0,0,0,0,0,0,0,0,0,0,0,0,1,0,0,199
3,3,1,0,0,0,1,0,0,1,0,0,0,0,0,0,0,0,0,0,199
4,4,0,0,0,0,0,1,0,1,0,0,0,0,0,0,0,1,0,0,199
5,5,0,0,0,0,0,0,0,1,0,0,0,0,0,0,0,0,0,0,199
6,6,0,0,0,0,0,0,0,1,0,0,0,0,0,0,1,0,0,0,199
7,7,0,0,0,1,1,0,0,1,0,0,0,0,0,0,0,0,0,0,199
8,8,0,0,0,0,0,0,0,1,0,0,0,0,0,0,0,0,0,0,199
9,9,0,0,0,0,0,0,0,1,0,0,0,0,0,0,0,0,1,0,199
10,10,0,0,0,0,0,1,0,0,0,0,0,0,0,0,0,1,0,0,199
11,11,0,0,0,0,0,1,0,0,0,0,0,0,0,0,0,1,0,0,199
12,12,0,0,0,0,1,0,0,0,0,0,0,0,0,0,0,0,0,0,199
13,13,0,0,0,0,0,0,0,1,0,0,0,0,0,1,0,0,0,0,199
14,14,0,0,0,0,0,0,0,1,0,0,0,0,0,0,0,0,0,0,199
15,15,0,0,0,0,1,0,0,0,0,0,0,0,0,1,0,0,0,0,199
16,16,1,0,0,0,1,1,0,0,0,0,1,0,0,0,0,1,0,0,199
17,17,0,0,0,0,0,0,0,1,0,0,0,0,0,0,0,0,0,0,199
18,18,0,0,0,0,0,0,0,1,0,0,0,0,0,0,0,0,0,0,199
19,19,0,0,0,0,0,0,0,1,0,0,0,0,0,1,0,0,0,0,199
20,20,1,1,0,0,1,0,0,0,0,0,0,1,0,0,0,1,0,0,199
21,21,1,0,0,0,0,0,0,1,0,0,0,0,0,0,0,0,1,0,199
22,22,0,0,0,0,0,0,0,1,0,0,0,0,0,0,0,1,0,0,199
23,23,1,1,0,0,0,1,0,0,0,0,0,0,0,0,0,0,0,0,199
24,24,0,0,0,0,1,0,0,0,0,0,0,0,0,0,0,0,0,0,199
25,25,0,0,0,0,1,0,0,0,0,0,0,0,0,0,0,0,0,0,199
26,26,1,0,0,0,0,0,0,0,0,0,0,0,0,0,0,0,0,0,199
27,27,1,0,0,0,0,0,0,1,0,0,0,0,0,0,0,1,0,0,199
28,28,1,1,0,0,1,1,0,0,0,0,0,0,0,0,0,0,0,0,199
29,29,0,0,0,0,0,0,0,1,0,0,0,0,0,0,0,0,0,0,196
30,30,0,0,0,0,0,0,0,1,0,0,0,0,0,0,0,1,1,0,199
31,31,0,0,0,0,0,0,1,0,0,0,0,0,0,0,0,0,0,0,199
32,32,1,0,0,0,0,0,0,0,0,0,0,0,0,1,0,1,0,0,199
33,33,0,0,0,0,1,0,0,1,0,0,0,0,0,0,0,0,0,0,199
34,34,0,1,0,1,0,0,0,1,0,0,0,0,0,0,0,0,0,0,199
35,35,0,0,0,0,0,0,0,1,0,0,0,0,0,1,0,0,0,0,199
36,36,0,0,0,0,0,0,0,1,0,0,0,0,0,0,0,0,0,0,199
37,37,0,0,0,0,0,0,0,0,0,0,0,0,0,0,1,1,0,0,199
38,38,1,0,0,0,0,1,0,0,0,0,0,0,0,0,1,0,0,0,199
39,39,0,0,0,0,1,0,0,0,0,0,0,0,0,0,0,0,0,0,199
40,40,0,0,0,0,1,0,0,0,0,0,0,0,0,0,0,0,0,0,199
41,41,0,0,0,0,1,0,0,0,0,0,0,0,0,0,0,0,0,0,199
42,42,0,0,0,0,0,0,0,1,0,0,0,0,0,0,0,1,0,0,199
43,43,0,0,0,0,0,0,0,1,0,0,0,0,0,0,0,1,0,0,199
44,44,0,0,0,0,1,0,0,1,0,0,0,0,0,0,0,0,0,0,199
45,45,0,0,0,0,0,0,0,1,0,0,0,0,0,0,0,0,0,0,199
46,46,0,0,0,0,1,0,0,1,0,0,0,0,0,0,0,0,0,0,199
47,47,0,0,0,0,0,0,1,0,0,0,0,0,0,0,0,0,0,0,199
48,48,0,0,0,0,1,0,0,0,0,0,0,0,0,1,0,0,0,0,199
49,49,1,1,0,0,0,0,0,0,0,0,0,0,0,1,1,0,1,0,197
50,50,0,0,0,0,0,0,0,1,0,0,0,0,0,1,0,0,1,1,199
51,51,0,0,0,0,0,0,0,1,0,0,0,0,0,0,0,0,0,0,199
52,52,1,0,0,0,0,0,0,0,0,0,0,0,0,0,0,1,0,0,199
53,53,1,0,0,0,0,0,0,1,0,0,0,0,0,0,0,1,0,0,199
54,54,0,0,0,0,0,1,0,1,0,0,0,0,0,1,0,1,0,0,199
55,55,0,0,0,0,0,1,0,1,0,0,0,0,0,0,0,0,0,0,199
56,56,0,0,0,0,0,0,0,1,0,0,0,0,0,0,0,0,0,0,199
57,57,0,0,0,0,0,0,0,1,0,0,0,0,0,0,0,0,0,0,199
58,58,0,0,0,0,0,0,0,1,0,0,0,0,0,0,0,0,0,0,199
59,59,0,0,0,0,0,0,0,1,0,0,0,0,0,0,0,0,0,0,199
60,60,0,0,0,0,0,0,0,1,0,0,0,0,0,0,0,0,0,0,199
61,61,1,1,0,0,0,0,0,0,0,0,0,0,0,0,1,0,0,0,199
62,62,0,0,0,1,1,0,0,0,0,0,0,0,0,0,0,0,0,0,199
63,63,0,0,0,0,0,0,0,1,0,0,0,0,0,0,0,0,0,0,199
64,64,0,0,0,0,1,0,0,1,0,0,0,0,0,0,0,0,0,0,199
65,65,0,0,0,0,1,0,0,0,0,0,0,0,0,1,0,0,0,0,199
66,66,0,0,0,0,1,0,0,0,0,0,0,0,0,0,0,0,0,0,199
67,67,1,0,0,0,0,0,0,0,0,0,0,0,0,1,0,1,0,0,199
68,68,0,0,0,0,1,0,0,0,0,0,0,0,0,1,0,0,1,0,199
69,69,0,0,0,0,1,0,0,0,0,0,0,0,0,1,0,0,0,0,199
70,70,0,0,1,1,0,0,0,0,0,0,0,1,0,0,0,0,0,0,199
71,71,0,0,0,0,1,1,0,0,1,0,0,0,0,0,0,0,0,0,199
72,72,1,0,0,0,1,0,0,0,0,0,0,0,0,0,0,0,0,1,199
73,73,1,0,0,0,1,0,0,1,0,0,0,0,0,0,0,0,0,0,196
74,74,0,0,0,0,0,0,1,0,0,0,0,0,0,0,0,0,0,0,199
75,75,0,0,0,0,0,1,0,1,0,0,0,0,0,0,0,0,0,0,199
76,76,0,0,0,0,0,0,0,1,0,0,0,0,0,0,0,1,0,0,199
77,77,0,1,0,1,0,0,0,1,0,0,0,0,0,0,0,0,0,0,199
78,78,1,0,0,0,0,0,0,0,0,0,0,0,0,0,0,1,0,0,199
79,79,1,0,0,0,1,0,0,0,0,0,0,0,0,0,0,0,1,0,199
80,80,0,0,0,0,1,0,0,0,0,0,0,0,0,1,0,0,0,0,199
81,81,1,1,0,0,0,0,0,0,0,0,0,0,0,0,1,0,0,0,199
82,82,0,0,0,0,1,0,0,0,0,0,0,0,0,1,0,0,0,0,199
83,83,0,0,0,0,0,0,0,0,0,0,1,0,0,0,1,0,0,0,199
84,84,0,0,0,0,1,0,0,0,0,0,0,0,0,0,0,0,0,0,199
85,85,0,0,0,0,0,0,0,1,0,0,0,0,0,0,0,0,0,0,199
86,86,0,0,0,0,0,0,0,1,0,0,0,0,0,0,0,0,0,0,199
87,87,0,0,0,0,1,0,0,0,0,0,0,0,0,1,0,0,0,0,199
88,88,0,0,0,0,0,0,0,0,0,1,0,0,0,0,1,0,0,0,198
89,89,0,0,0,0,1,0,0,0,0,0,0,0,0,1,0,1,0,0,199
90,90,0,0,0,1,1,0,0,0,0,0,0,1,0,0,0,0,0,0,199
91,91,1,0,0,0,0,1,0,0,0,0,0,0,0,1,0,0,0,0,199
92,92,0,0,0,0,1,0,0,1,0,0,0,0,0,0,0,0,0,0,199
93,93,0,0,0,1,1,0,0,0,0,0,0,0,0,0,0,0,0,0,199
94,94,0,0,1,1,1,0,0,0,0,0,0,1,0,0,0,0,0,0,199
95,95,1,0,0,0,0,0,0,0,0,0,0,0,0,0,1,1,0,0,199
96,96,0,1,0,0,0,0,0,1,0,0,0,0,0,0,0,0,0,1,199
97,97,0,0,0,0,0,0,0,1,0,0,0,0,0,0,0,1,0,0,199
98,98,0,0,1,1,0,0,0,0,0,0,0,1,0,0,0,0,0,0,193
99,99,0,0,0,0,0,1,0,1,0,0,0,0,0,0,0,1,0,0,199
100,100,1,1,1,0,0,0,0,0,0,0,1,0,0,0,1,0,0,0,198
101,101,0,0,1,1,0,0,0,0,0,0,0,0,0,0,0,0,0,0,197
102,102,0,0,1,1,0,0,0,0,0,0,0,1,0,0,0,0,0,0,199
103,103,0,0,0,0,1,0,0,0,0,0,0,0,0,0,0,0,0,0,199
104,104,0,0,0,0,1,0,0,0,0,0,0,0,0,0,0,0,0,0,199
105,105,0,0,0,0,0,0,0,1,0,0,0,0,0,0,0,1,0,0,199
106,106,0,0,0,0,0,0,0,1,0,0,0,0,0,0,0,0,0,0,199
107,107,0,0,0,0,1,0,0,0,0,0,0,0,0,0,0,0,0,0,199
108,108,0,0,0,0,1,0,0,0,0,0,0,0,0,0,1,0,0,0,199
109,109,1,1,0,0,1,0,0,0,0,0,0,0,0,0,0,0,1,0,199
110,110,0,0,0,0,1,0,0,0,0,0,0,0,0,1,0,0,0,0,199
111,111,0,1,0,1,0,0,0,0,0,0,0,0,0,0,0,0,0,0,199
112,112,0,0,0,0,0,0,0,1,0,0,0,0,0,0,0,0,0,0,199
113,113,0,0,1,0,0,0,0,0,0,0,0,0,0,0,0,0,0,0,199
114,114,0,0,0,0,0,0,1,0,0,0,0,0,0,0,0,0,0,0,199
115,115,0,0,0,0,1,0,0,0,0,0,0,0,0,0,0,0,0,0,199
116,116,1,1,0,0,0,0,0,0,0,0,0,0,0,0,0,1,0,0,199
117,117,1,1,0,0,0,0,0,0,0,0,0,0,0,0,0,1,0,0,199
118,118,0,0,0,0,0,0,1,0,0,0,0,0,0,0,0,0,0,0,199
119,119,0,0,0,0,1,1,0,0,0,0,0,0,0,0,0,0,0,0,199
120,120,1,0,0,0,0,0,0,0,0,0,0,0,0,0,1,0,1,0,199
121,121,0,0,0,0,1,0,0,0,0,0,0,0,0,0,0,0,0,0,199
122,122,0,0,0,0,1,0,0,0,0,0,1,0,0,0,0,0,0,0,199
123,123,0,0,0,0,0,0,0,1,0,0,0,0,1,0,0,0,0,0,199
124,124,0,0,0,0,0,0,0,1,0,0,0,0,0,1,0,0,0,0,199
125,125,0,0,0,0,0,0,0,1,0,0,0,0,0,0,0,0,0,0,199
126,126,1,0,0,0,0,1,0,1,0,0,0,0,0,0,0,0,0,0,197
127,127,1,0,0,0,0,0,0,0,0,0,0,0,0,0,0,1,0,0,199
128,128,0,0,0,0,0,1,0,1,0,0,0,0,0,1,0,1,0,0,199
129,129,0,0,0,0,0,1,0,0,0,0,0,0,0,0,0,0,0,0,199
130,130,0,0,0,0,0,0,0,1,0,0,0,0,0,1,0,0,0,0,196
131,131,0,1,0,1,0,0,0,1,0,0,0,1,0,0,0,0,0,0,193
132,132,0,0,0,0,0,0,0,1,0,0,0,0,0,1,0,0,1,0,193
133,133,0,0,0,0,0,0,0,1,0,0,0,0,0,0,0,0,0,0,194
134,134,0,0,0,0,0,0,0,1,0,0,0,0,1,0,1,1,0,0,196
135,135,0,0,0,0,0,0,0,1,0,0,0,0,0,0,0,0,0,0,193
136,136,0,0,0,0,0,0,0,1,0,0,0,0,0,0,0,0,0,0,199
137,137,0,0,0,1,1,0,0,0,0,0,0,0,0,0,0,0,0,0,199
138,138,0,0,0,1,1,0,0,0,0,0,0,0,0,0,0,0,0,0,196
139,139,0,1,0,1,0,0,0,0,0,0,0,0,0,0,0,0,0,0,199
140,140,0,1,0,1,0,0,0,0,1,0,0,0,0,0,1,0,0,0,195
141,141,0,1,0,1,0,0,0,0,0,0,0,1,0,0,0,0,0,0,197
142,142,0,0,0,0,0,0,0,0,0,0,0,1,0,0,0,0,0,0,196
143,143,1,0,0,0,0,0,0,0,0,0,0,0,0,0,0,1,0,0,198
144,144,1,0,0,0,0,0,0,0,0,0,0,0,0,0,1,1,0,0,199
145,145,0,0,0,0,0,0,0,1,0,0,0,0,0,0,0,0,0,0,199
146,146,1,0,0,0,0,0,0,0,0,0,0,0,0,0,0,1,0,0,199
147,147,1,1,0,0,0,0,0,0,0,0,0,0,0,0,0,0,0,0,199
148,148,0,0,0,0,0,0,0,1,0,0,0,0,0,0,0,0,0,0,199
149,149,0,0,0,0,1,0,0,1,0,0,0,0,0,0,0,0,0,0,199
150,150,0,1,0,1,1,0,0,0,0,0,0,0,0,0,0,0,0,0,197
151,151,0,0,0,0,1,0,0,0,0,0,0,0,0,0,1,0,0,0,197
152,152,0,0,0,0,1,0,0,0,0,0,0,0,0,0,0,0,0,0,198
153,153,0,0,0,0,1,0,0,0,0,0,0,0,0,0,0,0,0,0,197
154,154,0,0,0,0,0,0,0,0,0,0,0,1,0,1,0,0,0,0,198
155,155,0,0,0,0,0,1,0,0,0,0,0,0,0,0,0,1,0,0,199
156,156,0,0,0,0,0,0,0,1,0,0,0,0,0,0,0,0,1,0,198
157,157,0,0,0,0,1,0,0,0,0,0,0,0,0,0,0,0,0,0,198
158,158,0,0,0,0,0,0,0,0,0,0,0,0,1,0,0,1,0,0,199
159,159,0,0,0,0,0,0,0,1,0,0,0,0,0,0,0,0,0,0,199
160,160,1,0,0,0,0,0,0,0,0,0,0,0,0,1,0,0,0,0,198
161,161,0,0,0,0,0,0,0,1,0,0,0,0,0,0,0,0,0,0,198
162,162,0,0,0,0,1,0,0,0,0,0,0,0,0,0,0,0,0,0,197
163,163,1,1,0,0,0,0,0,0,0,0,0,0,0,0,1,1,0,0,198
164,164,0,0,0,0,0,0,0,1,0,0,0,0,0,0,0,0,0,0,198
165,165,0,0,0,0,0,0,0,1,0,0,0,0,0,0,0,0,0,0,198
166,166,0,0,0,0,1,0,0,0,0,0,0,0,0,0,0,0,0,0,198
167,167,0,0,0,0,1,0,0,0,0,0,0,0,0,0,0,0,0,0,197
168,168,0,0,1,0,1,0,0,0,0,0,0,0,0,0,0,0,0,0,199
169,169,0,0,0,0,1,0,0,1,0,0,0,0,0,1,0,0,0,0,198
170,170,0,0,0,0,1,0,0,0,0,0,0,0,0,0,1,0,0,0,199
171,171,1,1,0,0,0,0,0,1,0,0,0,0,0,1,1,0,1,0,198
172,172,1,1,0,0,1,0,0,0,0,0,0,0,0,1,0,0,0,0,198
173,173,1,1,0,0,0,0,0,0,0,0,0,0,0,0,0,0,0,0,198
174,174,0,0,0,0,0,0,0,0,0,0,0,0,0,0,1,0,0,0,198
175,175,1,0,0,0,0,0,0,0,0,0,0,0,0,0,1,1,1,0,198
176,176,1,0,0,0,0,0,0,0,0,0,0,0,0,0,0,0,0,1,196
177,177,0,0,0,0,0,0,0,1,0,0,0,0,0,0,0,0,0,0,195
178,178,0,0,0,0,0,0,0,0,0,0,0,0,0,0,1,0,0,0,197
179,179,0,0,0,0,0,0,0,1,0,0,0,0,0,0,0,0,1,0,197
180,180,1,1,0,0,0,0,0,0,0,0,0,0,0,1,1,0,1,0,199
181,181,0,0,0,0,0,1,0,1,0,0,0,0,0,0,0,0,0,0,199
182,182,1,0,0,0,0,0,0,0,0,0,1,0,0,0,1,1,0,0,197
183,183,1,1,0,0,1,0,0,0,0,0,1,0,0,0,1,0,0,0,199
184,184,0,0,0,0,0,0,0,0,0,0,1,0,0,1,0,1,0,0,196
185,185,1,0,0,0,1,0,0,0,0,0,0,1,0,0,0,0,0,0,198
186,186,1,0,0,0,0,1,0,1,0,0,0,0,0,0,0,0,0,0,197
187,187,1,0,0,0,0,0,0,1,0,0,0,0,0,0,0,0,1,0,198
188,188,0,0,1,0,1,0,0,0,0,0,0,0,0,0,0,0,0,0,199
189,189,0,0,0,0,0,0,0,1,0,0,0,0,0,0,0,0,1,0,198
190,190,0,0,0,0,0,0,0,1,0,0,0,0,1,0,0,0,0,0,198
191,191,0,0,0,0,0,0,0,1,0,0,0,0,0,0,0,0,0,0,198
192,192,0,0,0,0,0,0,0,1,0,0,0,0,0,0,0,0,0,0,198
193,193,0,0,0,0,1,1,0,0,0,0,0,0,0,0,0,0,0,0,197
194,194,1,0,0,0,0,0,0,0,0,0,0,0,0,0,1,1,0,0,198
195,195,0,0,0,0,0,0,0,1,0,0,0,0,0,0,0,0,0,0,198
196,196,0,0,0,0,0,0,0,1,0,0,0,0,0,1,0,0,0,0,196
197,197,0,0,0,0,0,0,0,0,0,0,0,0,0,0,0,1,0,0,199
198,198,0,0,0,0,0,0,0,1,0,0,0,0,0,0,0,0,1,0,195
199,199,0,0,0,0,0,0,0,0,0,0,1,0,0,0,0,0,0,0,198
200,200,1,1,0,0,1,0,0,0,0,0,1,0,0,0,0,0,0,0,198
201,201,0,0,0,0,1,0,0,0,0,0,0,0,0,1,0,0,0,0,199
202,202,0,0,0,0,0,0,0,0,0,0,0,0,0,0,0,0,0,1,199
203,203,0,0,0,0,1,0,0,0,0,0,0,0,0,0,1,0,0,0,198
204,204,0,0,0,0,0,0,0,1,0,0,0,0,0,0,0,0,1,0,197
205,205,0,1,1,0,0,0,0,0,0,0,0,0,0,0,1,1,0,0,198
206,206,1,0,0,0,0,0,0,1,0,0,0,0,0,1,0,0,0,0,199
207,207,0,0,0,0,1,0,0,0,0,0,1,0,0,0,0,0,0,0,197
208,208,0,0,0,0,1,0,0,1,0,0,0,1,0,0,0,0,0,0,198
209,209,1,1,0,0,0,0,0,0,0,0,0,0,0,0,0,0,0,0,198
210,210,0,0,0,0,1,0,0,0,0,0,0,0,0,0,0,0,1,0,197
211,211,0,0,0,0,0,0,0,1,0,0,0,0,0,0,0,0,0,0,198
212,212,0,0,0,0,0,0,0,1,0,0,0,0,0,1,0,0,0,0,198
213,213,0,0,0,0,0,0,0,1,0,0,0,1,0,0,0,0,1,0,198
214,214,0,0,0,0,0,0,0,1,0,0,0,0,0,0,0,0,0,0,198
215,215,0,0,0,0,1,0,0,0,0,0,0,0,0,1,0,0,0,0,198
216,216,0,0,0,0,0,0,0,0,0,0,1,0,0,1,0,0,0,0,199
217,217,0,0,0,0,0,0,0,0,0,0,0,0,0,0,0,1,0,0,199
218,218,0,0,0,0,0,0,0,0,0,0,1,0,0,0,0,0,0,0,198
219,219,0,0,0,0,1,0,0,0,0,0,0,0,0,1,0,0,0,0,199
220,220,0,0,0,0,0,0,0,1,0,0,0,0,0,0,0,0,0,0,199
221,221,1,1,0,0,0,0,0,0,0,0,0,0,0,0,1,0,0,0,199
222,222,0,0,0,0,0,0,0,1,0,0,0,0,0,0,0,1,0,0,199
223,223,0,0,0,0,0,0,0,1,0,0,0,0,0,0,0,0,0,0,199
224,224,0,0,0,1,1,0,0,0,0,0,0,0,0,0,0,0,0,0,199
225,225,1,0,0,0,0,0,0,0,0,0,0,0,0,0,0,1,0,0,199
226,226,1,1,0,0,0,0,0,0,0,0,0,0,0,0,1,0,0,0,199
227,227,1,1,0,0,0,0,0,0,0,0,0,0,0,0,1,0,0,0,198
228,228,1,1,0,0,0,0,0,0,0,0,0,0,0,0,1,0,0,0,198
229,229,1,1,0,0,0,0,0,0,0,0,0,0,0,0,1,0,0,0,198
230,230,1,1,0,0,1,1,0,0,0,0,0,0,0,0,0,0,0,0,199
231,231,1,0,0,0,1,0,0,0,0,0,0,0,0,0,0,0,0,1,198
232,232,1,0,0,0,0,0,0,0,0,0,0,0,0,0,0,0,0,0,199
233,233,1,0,0,0,0,0,0,0,0,0,1,0,0,0,0,0,0,0,197
234,234,1,0,0,0,1,0,0,0,0,0,0,0,0,0,1,0,1,0,199
235,235,0,0,0,0,1,0,0,1,0,0,0,0,0,0,0,0,0,0,199
236,236,0,0,0,0,0,0,0,1,0,0,0,0,0,1,0,0,0,0,199
237,237,0,0,0,0,1,0,0,0,0,0,0,0,0,0,0,0,0,0,198
238,238,0,0,0,0,0,1,0,1,0,0,0,0,0,0,1,0,0,0,199
239,239,0,0,1,0,1,0,0,0,0,0,0,0,0,0,0,0,0,0,199
240,240,1,0,0,0,0,0,0,0,0,0,0,0,0,1,0,0,1,0,199
241,241,0,0,0,0,1,0,0,0,0,0,0,0,0,0,0,0,0,0,199
242,242,0,0,0,1,1,0,0,0,0,0,0,0,0,0,0,0,0,0,199
243,243,1,0,0,0,0,0,0,1,0,0,0,0,0,0,0,1,0,0,199
244,244,1,0,0,0,0,0,0,1,0,0,0,0,0,0,0,1,1,0,199
245,245,0,0,0,0,0,0,0,1,0,0,0,0,0,1,0,0,0,0,199
246,246,1,1,0,1,0,0,0,0,0,0,0,0,0,0,0,0,0,0,199
247,247,0,0,0,0,1,1,0,0,0,0,0,0,0,0,0,0,0,0,199
248,248,0,0,0,0,1,0,0,0,0,0,0,0,0,0,0,0,0,0,199
249,249,1,0,0,0,0,0,0,0,0,0,0,0,0,0,1,0,0,0,199
250,250,0,0,0,0,1,0,0,0,0,0,0,0,0,0,0,0,0,0,199
251,251,1,1,0,0,0,0,0,0,0,0,0,0,0,0,1,1,0,0,199
252,252,0,0,0,0,0,0,0,1,0,0,0,0,0,1,0,0,0,0,199
253,253,1,1,0,0,0,1,0,0,0,0,0,0,0,0,0,0,0,0,199
254,254,0,0,0,0,1,0,0,0,0,0,0,0,0,1,0,0,0,0,199
255,255,0,0,0,0,1,0,0,0,0,0,0,0,0,1,0,0,0,0,199
256,256,1,1,0,0,1,0,0,0,0,0,0,0,0,0,1,0,0,0,199
257,257,0,0,0,0,0,0,0,1,0,0,0,0,0,0,1,0,0,0,199
258,258,0,0,0,1,1,0,0,0,0,0,0,0,0,0,0,0,0,0,199
259,259,1,0,0,0,0,0,0,0,0,0,0,0,1,0,1,1,0,0,199
260,260,0,0,0,1,1,0,0,0,0,0,0,0,0,0,0,0,0,0,199
261,261,0,0,0,0,0,0,0,1,0,0,0,0,0,0,0,0,0,0,199
262,262,1,0,0,0,0,0,0,0,0,0,0,0,0,0,0,0,0,0,199
263,263,0,0,0,0,0,0,0,0,0,0,0,0,0,0,1,1,0,0,199
264,264,1,0,0,0,0,0,0,0,0,0,0,0,0,0,0,1,0,0,199
265,265,1,1,0,0,0,0,0,0,0,0,0,0,0,0,0,0,0,0,199
266,266,0,0,0,0,0,0,0,0,0,0,0,0,0,0,0,0,0,0,na
267,267,0,0,0,0,0,0,0,1,0,0,0,0,0,1,0,0,0,0,199
268,268,0,0,0,0,1,0,0,0,0,0,0,0,0,0,0,0,0,0,199
269,269,0,0,0,0,0,0,0,1,0,0,0,0,0,0,1,1,0,0,199
270,270,1,1,0,0,0,0,0,0,0,0,0,0,0,0,1,0,1,0,199
271,271,0,0,0,0,0,0,0,1,0,0,0,0,0,0,0,0,0,0,199
272,272,1,0,0,0,0,1,0,0,0,0,0,0,0,0,0,1,0,0,199
273,273,0,0,0,0,1,0,0,0,0,0,0,0,0,1,0,0,0,0,199
274,274,0,0,0,0,0,0,0,1,0,0,0,0,0,1,0,0,0,0,199
275,275,0,0,0,0,0,0,0,1,0,0,0,0,0,1,0,0,0,0,199
276,276,0,0,0,0,0,0,0,1,0,0,0,0,0,0,0,0,0,0,199
277,277,0,0,0,0,0,0,0,1,0,0,0,0,0,1,0,0,0,0,199
278,278,0,0,0,0,0,0,0,1,0,0,0,0,0,0,0,0,0,0,199
279,279,0,0,0,0,0,0,0,1,0,0,0,0,0,1,0,0,0,0,199
280,280,1,0,0,0,0,0,0,0,0,0,0,0,0,0,0,1,0,0,199
281,281,0,0,0,0,0,0,0,1,0,0,0,0,0,0,0,0,0,0,199
282,282,0,0,0,0,0,0,0,1,0,0,0,0,0,1,0,0,0,0,199
283,283,0,0,0,0,1,0,0,0,0,0,0,0,0,1,0,0,0,0,199
284,284,0,0,0,0,0,0,0,1,0,0,0,0,0,0,0,0,0,0,199
285,285,0,0,0,0,0,0,0,1,0,0,0,0,0,1,0,0,1,0,199
286,286,0,0,0,0,0,0,0,1,0,0,0,0,0,0,0,0,0,0,199
287,287,0,0,0,0,0,0,0,0,0,0,1,0,0,0,0,1,0,0,199
288,288,0,0,0,0,0,0,0,1,0,0,0,1,0,0,0,0,0,0,199
289,289,0,0,0,0,1,0,0,0,0,0,0,0,0,0,0,0,0,0,199
290,290,0,0,0,0,0,0,0,0,0,0,0,0,1,0,0,1,0,0,199
291,291,0,0,0,0,0,0,0,1,0,0,0,0,0,0,0,0,0,0,199
292,292,0,0,0,0,0,1,0,1,0,0,0,0,0,0,0,0,0,0,199
293,293,0,0,0,0,1,0,0,0,0,0,0,0,0,0,0,0,0,0,199
294,294,1,0,0,0,0,0,0,0,0,0,0,0,0,0,0,1,0,0,199
295,295,0,0,0,0,0,0,0,1,0,0,0,0,0,0,0,0,0,0,199
296,296,0,0,0,0,0,0,0,1,0,0,0,0,0,0,0,0,0,0,199
297,297,1,0,0,0,0,0,0,0,0,0,0,0,0,0,1,1,0,0,199
298,298,0,0,0,0,0,1,0,1,0,1,0,0,0,0,0,0,0,0,199
299,299,1,0,0,0,0,0,0,0,0,0,0,0,0,0,0,1,0,0,199
300,300,0,0,0,0,1,0,0,0,0,0,0,0,0,0,0,0,0,0,199
301,301,0,0,0,0,0,1,0,0,0,1,0,0,1,0,0,1,0,0,199
302,302,0,0,0,0,0,0,0,1,0,0,0,0,0,0,0,0,0,0,199
303,303,0,1,0,1,0,0,0,0,0,0,0,0,0,0,0,0,0,0,199
304,304,0,0,0,0,0,0,0,1,0,0,0,0,0,0,0,0,0,0,199
305,305,0,0,0,0,0,0,0,1,0,0,0,0,0,1,0,0,0,0,199
306,306,0,0,0,0,0,1,0,0,0,0,1,0,1,0,0,1,0,0,199
307,307,0,0,0,1,0,0,0,1,1,0,0,0,0,0,0,0,0,0,199
308,308,0,0,0,0,0,1,0,0,0,0,0,0,0,0,0,0,0,0,199
309,309,0,0,0,0,0,0,0,1,0,0,0,0,0,0,0,0,0,0,199
310,310,0,0,0,0,0,0,0,1,0,0,0,0,0,1,0,1,0,0,199
311,311,0,0,0,0,1,1,0,1,0,0,0,0,1,0,0,0,0,0,199
312,312,1,0,0,0,0,0,0,1,0,0,0,0,0,1,0,0,0,0,199
313,313,1,0,0,1,0,0,0,0,0,0,0,0,0,0,0,0,0,0,199
314,314,0,0,0,0,0,0,0,1,0,0,0,0,0,0,0,1,0,0,199
315,315,0,0,0,0,1,0,0,1,0,0,0,0,0,0,0,0,0,0,199
316,316,0,0,0,0,0,0,0,1,0,0,0,0,0,0,0,0,0,0,199
317,317,0,0,0,0,0,0,0,1,0,0,0,0,0,0,0,0,1,0,199
318,318,0,0,0,0,1,0,0,0,0,0,0,1,0,1,0,0,0,0,199
319,319,0,0,0,0,0,0,1,0,0,0,0,0,0,0,0,0,0,0,199
320,320,0,0,0,0,1,0,0,0,0,0,0,0,0,0,0,0,0,0,199
321,321,0,0,0,0,0,0,0,0,0,0,0,0,1,0,0,1,0,0,199
322,322,1,0,0,0,0,0,0,0,0,0,0,0,0,0,0,1,0,0,199
323,323,0,0,0,0,0,0,0,0,0,0,0,0,1,0,0,0,0,0,199
324,324,0,0,0,0,0,0,0,1,0,0,0,0,0,0,0,1,0,0,199
325,325,1,0,0,0,0,0,0,1,0,0,0,0,0,0,0,0,1,0,199
326,326,0,0,0,0,0,1,0,1,0,0,0,0,1,0,0,0,0,0,199
327,327,1,0,0,0,0,0,0,0,0,0,0,0,1,1,0,1,0,0,199
328,328,0,0,0,0,0,1,0,1,0,0,0,0,0,0,0,1,0,0,199
329,329,0,0,0,0,0,0,0,1,0,0,0,0,0,0,0,0,0,0,199
330,330,0,1,0,0,0,0,0,0,0,0,0,0,0,0,0,1,0,0,199
331,331,0,0,0,0,0,1,0,1,0,0,0,0,0,0,0,1,0,0,199
332,332,0,0,0,0,0,0,0,0,0,0,0,0,1,0,0,1,0,0,199
333,333,1,0,0,0,0,1,0,0,0,0,0,0,1,0,0,0,0,0,199
334,334,0,0,0,0,1,0,0,0,0,0,0,0,0,0,0,0,0,0,199
335,335,0,0,0,0,0,1,0,0,0,0,0,0,0,0,0,1,0,0,199
336,336,0,0,0,0,1,0,0,1,0,0,0,0,0,0,0,1,0,0,199
337,337,0,0,0,0,1,0,0,0,0,0,0,0,0,0,0,0,0,0,199
338,338,1,0,0,0,0,0,0,1,0,0,0,0,0,0,0,0,0,0,199
339,339,0,0,0,0,0,0,0,1,0,0,0,0,0,0,0,0,0,0,199
340,340,0,0,0,0,1,0,0,0,0,0,0,0,0,0,0,0,0,0,199
341,341,0,0,0,0,1,0,0,0,0,0,0,0,1,0,0,0,0,0,199
342,342,1,0,0,0,0,0,0,0,0,0,1,0,0,0,1,0,0,0,199
343,343,0,0,0,0,0,0,0,1,0,0,0,0,0,0,0,0,0,0,199
344,344,0,0,0,0,1,0,0,1,0,0,0,0,0,0,0,0,0,0,199
345,345,0,0,0,0,0,1,0,1,0,0,0,0,0,0,0,0,0,0,199
346,346,0,0,0,0,1,0,0,1,0,0,0,0,0,0,0,0,0,0,199
347,347,0,0,0,0,0,1,0,1,0,0,0,0,0,0,0,1,0,0,199
348,348,1,0,0,0,0,0,0,0,0,0,0,0,0,0,0,1,0,0,199
349,349,1,0,0,0,0,0,0,0,0,0,0,0,1,0,0,1,0,0,199
350,350,0,0,0,0,0,0,0,0,0,0,1,0,0,0,0,0,0,0,199
351,351,0,0,0,0,1,0,0,0,0,0,0,1,0,0,0,0,0,0,199
352,352,1,0,0,0,0,0,0,0,0,0,1,0,0,0,1,0,0,0,199
353,353,0,0,0,0,1,0,0,0,0,0,0,0,0,1,0,0,0,0,199
354,354,0,1,0,0,0,0,0,0,0,0,0,0,0,0,1,1,0,0,199
355,355,0,0,0,0,0,0,0,1,0,0,0,0,1,0,0,1,0,0,199
356,356,0,0,0,0,0,0,0,1,0,0,0,0,0,0,0,0,0,0,197
357,357,1,1,0,0,0,0,0,0,0,0,0,0,0,0,1,1,0,0,199
358,358,0,0,0,0,0,0,0,0,0,0,0,0,0,0,0,1,0,0,199
359,359,0,0,0,0,0,0,1,0,0,0,0,0,0,0,0,0,0,0,199
360,360,0,0,0,0,0,1,0,0,0,0,0,0,0,0,0,1,0,0,199
361,361,1,0,0,0,1,0,0,0,0,0,0,1,0,0,0,0,0,0,199
362,362,1,0,0,0,0,0,0,0,0,0,0,0,0,0,0,0,0,0,199
363,363,0,0,0,0,1,0,0,0,0,0,0,0,0,0,0,0,0,0,199
364,364,0,0,0,0,0,0,0,1,0,0,0,0,0,0,0,0,0,0,199
365,365,0,0,0,0,0,0,0,1,0,0,0,0,0,0,0,0,0,0,199
366,366,0,0,0,0,1,0,0,0,0,0,0,0,0,0,0,0,0,0,199
367,367,0,0,0,0,1,0,0,0,0,0,0,0,0,0,0,0,0,0,199
368,368,0,0,0,0,1,0,0,0,0,0,0,0,0,0,0,0,0,0,199
369,369,0,0,0,0,0,0,0,1,0,0,0,0,0,0,0,1,0,0,199
370,370,0,0,0,0,0,0,0,1,0,0,0,0,0,1,0,0,0,0,199
371,371,0,0,0,0,1,0,0,0,0,0,0,0,0,0,0,0,0,0,199
372,372,1,1,0,0,0,0,0,0,0,0,0,0,0,0,1,0,0,0,199
373,373,1,0,0,1,0,0,0,0,0,0,0,0,0,0,0,0,0,0,199
374,374,0,0,0,0,0,0,0,1,0,0,0,0,0,0,0,0,0,0,199
375,375,0,0,0,0,1,0,0,0,0,0,0,0,0,0,0,0,0,0,199
376,376,0,0,0,1,1,0,0,0,0,0,0,0,0,0,0,0,0,0,199
377,377,0,0,0,0,0,0,0,1,0,0,0,0,0,0,0,0,0,0,199
378,378,0,0,0,0,0,0,0,0,0,0,1,0,0,0,0,0,0,0,199
379,379,1,1,0,0,0,0,0,0,0,0,0,0,0,0,1,0,0,0,199
380,380,0,0,0,0,1,0,0,0,0,0,0,0,0,1,0,0,0,0,199
381,381,0,0,0,0,1,0,0,1,0,0,0,0,0,0,0,0,0,0,199
382,382,0,0,0,1,1,0,0,0,0,0,0,0,0,0,0,0,0,0,199
383,383,0,0,0,0,1,0,0,0,0,0,0,0,0,0,0,0,0,0,199
384,384,1,1,0,0,1,0,0,0,0,0,0,0,0,1,0,0,0,0,199
385,385,0,0,0,0,1,0,0,0,0,0,0,0,0,0,0,0,0,0,199
386,386,0,0,0,0,0,0,0,1,0,0,0,0,0,0,0,0,0,0,199
387,387,1,0,0,0,1,0,0,0,0,0,0,0,0,0,0,0,0,0,199
388,388,0,1,0,1,0,0,0,0,0,0,0,0,0,0,0,0,0,0,199
389,389,0,0,0,0,1,0,0,0,0,0,0,0,0,0,0,0,0,0,199
390,390,1,0,0,0,1,0,0,0,0,0,0,0,0,0,0,0,0,0,199
391,391,0,0,0,0,0,0,0,1,0,0,0,0,0,0,0,0,0,0,199
392,392,0,0,0,0,1,0,0,0,0,0,0,0,0,0,0,0,0,0,199
393,393,0,0,0,0,1,0,0,0,0,0,0,0,1,1,0,0,0,0,199
394,394,0,0,0,0,1,0,0,0,0,0,0,0,0,0,0,0,0,0,199
395,395,0,0,0,0,1,1,0,0,0,0,1,0,0,0,0,0,0,0,199
396,396,1,0,0,0,0,0,0,0,0,0,0,0,0,0,0,0,0,0,199
397,397,1,1,0,1,0,0,0,0,0,0,0,0,0,0,1,0,0,0,199
398,398,1,1,0,0,1,0,0,0,0,0,0,0,0,0,0,0,0,0,199
399,399,0,0,0,1,1,0,0,0,0,0,0,0,0,0,0,0,0,0,199
400,400,0,0,0,0,1,0,0,0,0,0,0,0,0,0,0,0,0,0,199
401,401,0,0,0,0,1,0,0,0,0,0,0,0,0,1,0,1,0,0,199
402,402,1,1,0,0,0,1,0,1,0,0,0,0,0,0,0,0,0,0,198
403,403,0,0,1,1,0,0,0,0,0,0,0,0,0,0,0,0,0,0,194
404,404,1,1,0,0,0,0,0,0,0,0,0,0,1,0,0,0,0,0,199
405,405,0,0,0,0,0,0,0,0,0,0,1,0,0,0,0,1,0,0,199
406,406,0,0,0,0,1,0,0,0,0,0,0,0,0,0,0,0,0,0,199
407,407,0,0,1,0,1,0,0,0,0,0,0,0,0,0,0,1,0,0,199
408,408,0,0,0,0,1,0,0,1,0,0,0,0,0,0,0,0,0,0,199
409,409,0,0,0,0,1,0,0,0,0,0,0,0,0,0,0,0,0,0,199
410,410,0,0,0,0,1,0,0,0,1,0,0,0,0,1,1,0,0,0,199
411,411,0,0,0,0,1,0,0,0,0,0,0,0,0,0,0,0,0,0,199
412,412,0,0,0,0,0,0,0,0,0,0,1,0,0,0,0,0,0,0,199
413,413,0,0,0,0,1,0,0,0,0,0,0,0,0,0,0,0,0,0,198
414,414,0,0,0,1,1,0,0,0,0,0,0,0,0,0,0,0,0,1,197
415,415,0,0,0,1,0,0,0,1,0,0,0,0,0,0,0,0,0,0,195
416,416,0,0,0,1,0,0,0,1,0,0,0,0,0,0,0,0,0,0,196
417,417,0,0,1,1,0,0,0,0,0,0,0,1,0,0,0,0,0,0,195
418,418,0,0,0,1,1,0,0,0,0,0,0,1,0,0,0,0,0,0,196
419,419,0,0,1,1,0,0,0,0,0,0,0,1,0,0,0,0,0,0,195
420,420,0,0,0,0,0,0,0,1,0,0,0,0,0,1,0,0,0,0,199
421,421,0,0,1,1,1,0,0,0,0,0,0,0,0,0,0,0,0,0,199
422,422,0,0,0,1,0,0,0,1,1,0,0,0,0,0,1,0,0,0,198
423,423,0,0,0,0,0,0,0,0,0,0,1,0,0,0,0,0,0,0,199
424,424,0,0,0,0,1,0,0,0,0,0,0,0,0,0,0,0,0,0,199
425,425,1,0,1,1,0,0,0,0,0,0,0,0,0,0,1,1,1,0,198
426,426,0,0,0,0,0,0,0,1,0,0,0,0,0,0,0,0,0,0,196
427,427,0,0,0,0,1,0,0,0,0,0,0,0,0,0,0,0,0,0,197
428,428,0,0,0,0,0,0,0,1,0,0,0,0,0,0,1,0,0,0,195
429,429,0,0,0,0,1,0,0,0,0,0,0,0,0,0,0,0,1,0,193
430,430,1,1,0,0,0,0,0,0,0,0,0,0,0,0,0,0,0,0,198
431,431,0,0,1,1,0,0,0,0,0,0,0,1,0,0,0,0,0,0,194
432,432,0,0,0,0,1,0,0,0,0,0,0,0,0,0,0,0,0,0,198
433,433,0,0,0,0,0,0,0,0,0,0,0,0,0,0,1,0,0,0,195
434,434,1,0,0,0,1,0,0,0,0,0,0,0,0,0,0,0,0,1,196
435,435,0,0,0,0,0,0,0,0,0,0,1,0,0,0,0,0,0,0,198
436,436,0,0,0,0,0,0,0,0,0,0,1,0,0,0,0,0,0,0,199
437,437,0,0,0,0,0,0,0,0,0,0,1,0,0,0,0,0,0,0,198
438,438,0,0,0,0,0,0,0,0,0,0,1,0,0,0,0,0,0,0,199
439,439,0,0,0,0,0,0,0,0,0,0,1,0,0,0,0,0,0,0,198
440,440,0,0,0,0,0,0,0,0,0,0,1,0,0,0,0,0,0,0,197
441,441,0,0,0,0,0,0,0,0,0,0,1,0,0,0,0,0,0,0,199
442,442,0,0,0,0,0,0,0,0,0,0,1,0,0,0,0,0,0,0,196
443,443,0,0,0,0,0,0,0,0,0,0,1,0,0,0,1,0,0,0,195
444,444,0,0,0,0,0,0,0,0,0,0,1,0,0,0,0,0,0,0,194
445,445,0,0,0,0,0,0,0,0,0,0,1,0,0,0,0,0,0,0,197
446,446,0,0,0,0,0,0,0,0,0,0,1,0,0,0,0,0,0,0,197
447,447,0,0,0,0,0,0,0,0,0,0,1,0,0,0,0,0,0,0,197
448,448,1,1,0,0,0,0,0,0,0,0,0,0,0,0,1,0,0,0,197
449,449,1,1,0,0,0,0,0,0,0,0,0,0,0,0,1,0,0,0,198
450,450,0,0,0,0,1,0,0,0,0,0,0,1,0,1,0,0,0,0,197
451,451,1,0,0,0,0,0,0,0,0,0,1,0,0,0,0,0,0,0,197
452,452,1,0,0,0,0,0,0,0,0,0,1,0,0,0,0,0,0,0,198
453,453,0,0,0,0,0,0,0,1,0,0,0,0,0,0,0,0,0,0,199
454,454,1,0,0,0,0,0,0,0,0,0,0,0,0,0,0,0,0,0,199
455,455,1,0,0,0,1,0,0,0,0,0,0,0,0,0,0,0,0,0,199
456,456,0,1,0,1,0,0,0,1,0,0,0,0,0,0,0,0,0,0,199
457,457,0,0,0,0,0,0,0,1,0,0,0,0,0,0,0,0,0,0,199
458,458,0,0,0,0,0,0,0,1,0,0,0,0,0,0,0,0,0,0,199
459,459,0,0,0,0,0,0,0,1,0,0,0,0,0,0,0,0,0,0,199
460,460,0,0,0,0,0,0,0,1,0,0,0,0,0,0,0,0,0,0,199
461,461,0,0,0,0,0,0,0,1,0,0,0,0,0,1,0,0,0,0,199
462,462,0,1,0,0,0,0,0,0,0,0,0,0,0,0,0,0,0,0,199
463,463,0,0,0,0,0,0,0,1,0,0,0,0,0,0,0,0,0,0,199
464,464,0,1,0,1,0,0,0,0,0,0,0,0,0,1,0,0,0,0,199
465,465,0,0,0,0,0,0,0,0,0,0,0,0,0,0,0,1,0,0,199
466,466,0,0,0,0,0,0,0,1,0,0,0,0,0,0,0,0,0,0,199
467,467,0,0,0,0,0,0,0,1,0,0,0,0,0,0,0,0,0,0,199
468,468,0,0,0,0,0,0,0,1,0,0,0,0,0,0,0,0,0,0,199
469,469,0,0,0,0,0,0,0,0,0,0,0,0,0,0,0,0,0,1,199
470,470,0,0,0,0,0,0,0,1,0,0,0,0,0,0,0,0,1,0,199
471,471,1,1,0,0,0,0,0,0,1,0,0,0,0,0,0,0,0,0,199
472,472,0,0,1,1,0,0,0,0,0,0,0,1,0,0,0,0,0,0,199
473,473,0,0,0,0,0,0,0,0,0,0,0,0,0,0,1,0,1,0,196
474,474,0,0,0,0,0,0,0,1,0,0,0,0,0,0,0,0,0,0,199
475,475,0,0,0,0,1,0,0,0,0,0,0,0,0,0,0,0,0,0,199
476,476,0,0,0,1,1,0,0,0,0,0,0,0,0,0,0,0,0,0,199
477,477,0,0,0,0,1,0,0,0,0,0,0,0,0,1,0,0,0,0,194
478,478,0,0,0,0,0,0,0,0,0,0,0,0,1,0,0,1,0,0,195
479,479,0,0,0,0,1,0,0,0,0,0,0,0,0,0,0,1,0,0,195
480,480,0,0,0,0,1,0,0,1,0,0,0,0,0,0,0,0,0,0,196
481,481,0,0,0,0,1,1,0,0,0,0,0,0,0,0,0,0,0,0,195
482,482,0,0,0,0,0,0,0,1,0,0,0,0,0,1,0,0,1,0,194
483,483,0,0,0,0,0,0,0,0,0,1,0,0,1,0,0,0,0,0,194
484,484,0,0,0,0,0,0,0,0,0,0,0,1,0,1,0,0,0,0,196
485,485,0,0,0,0,1,0,0,0,0,0,0,0,0,1,0,0,0,0,195
486,486,0,0,0,0,1,0,0,0,0,0,0,0,0,1,0,0,0,0,195
487,487,0,0,0,0,0,0,0,0,0,1,0,0,0,0,0,0,0,0,195
488,488,0,0,0,0,0,0,0,0,0,1,0,0,0,1,0,1,0,0,194
489,489,0,0,0,0,1,0,0,0,0,0,0,0,0,1,0,1,0,0,195
490,490,1,1,0,0,0,0,0,0,0,0,0,0,0,0,0,0,0,0,193
491,491,0,0,0,0,0,0,0,1,0,0,0,0,0,0,0,0,0,0,195
492,492,0,0,0,0,0,0,0,0,0,0,0,0,1,0,0,0,0,0,193
493,493,0,0,0,0,1,0,0,0,0,0,0,0,0,0,0,0,0,0,194
494,494,0,1,0,0,1,0,0,0,0,0,0,0,0,0,0,0,0,0,195
495,495,0,0,0,0,0,0,0,1,0,0,0,0,0,0,0,0,0,0,194
496,496,0,0,0,0,1,0,0,0,0,0,0,0,0,0,0,0,0,0,193
497,497,1,1,0,0,0,0,0,0,0,0,0,0,0,1,0,0,1,0,195
498,498,0,0,0,0,0,0,0,1,0,0,0,0,0,0,0,0,0,0,195
499,499,0,1,0,1,0,0,0,0,0,0,0,0,0,0,0,0,0,0,199
500,500,0,0,1,1,0,0,0,0,0,0,0,1,0,0,0,0,0,0,194
501,501,0,0,0,0,1,0,0,0,0,0,0,0,0,0,0,0,1,0,197
502,502,0,0,0,0,0,0,0,1,0,0,0,0,0,0,0,0,0,0,197
503,503,0,0,0,0,0,1,0,1,0,0,0,0,0,0,0,0,0,0,196
504,504,0,0,0,0,0,0,0,0,0,0,0,0,1,0,0,1,0,0,195
505,505,0,0,0,0,0,0,0,1,0,0,0,0,0,0,0,0,0,0,195
506,506,0,0,0,0,0,0,0,1,0,0,0,0,0,0,0,0,0,0,195
507,507,0,0,0,0,0,0,0,1,0,0,0,0,0,0,0,0,0,0,199
508,508,0,0,0,0,0,0,0,1,0,0,0,0,0,0,0,0,0,0,198
509,509,1,0,0,0,0,0,0,1,0,0,0,0,0,0,0,0,0,1,195
510,510,0,1,0,0,0,0,0,0,0,0,0,0,0,0,0,0,1,0,196
511,511,0,0,0,0,1,0,0,1,0,0,0,0,0,1,0,0,0,0,198
512,512,0,0,0,0,0,0,0,0,0,0,0,0,1,0,0,1,0,0,194
513,513,0,0,0,0,1,0,0,0,0,0,0,0,0,1,0,0,0,0,197
514,514,1,0,0,0,0,0,0,1,0,0,0,0,0,0,0,0,1,0,199
515,515,0,0,0,0,1,0,0,0,0,0,0,0,0,0,0,0,0,0,198
516,516,0,0,0,0,1,0,0,1,0,0,0,0,0,1,0,0,0,0,197
517,517,0,0,0,0,0,0,0,1,0,0,0,0,0,0,0,0,0,0,199
518,518,0,1,0,0,0,0,0,0,0,0,0,0,0,0,0,0,0,0,194
519,519,0,1,0,0,0,0,0,0,0,0,0,0,0,0,0,0,1,0,196
520,520,0,0,0,0,0,0,0,1,0,0,0,0,0,0,0,0,1,0,197
521,521,0,0,0,0,1,0,0,1,0,0,0,0,0,0,0,0,0,0,198
522,522,0,0,0,0,1,0,0,1,0,0,0,0,0,0,0,0,0,0,196
523,523,0,0,0,0,1,0,0,0,0,0,0,0,0,0,0,0,0,0,194
524,524,0,0,0,0,0,0,0,0,0,1,0,0,1,0,0,0,0,0,194
525,525,1,1,0,0,0,0,0,1,0,0,0,0,0,0,0,0,0,0,195
526,526,0,0,0,0,0,0,0,1,0,0,0,0,0,0,0,0,0,0,198
527,527,0,0,0,0,0,0,0,1,0,0,0,0,0,0,0,0,1,0,198
528,528,0,0,0,0,0,0,0,1,0,0,0,0,0,0,0,0,0,0,198
529,529,0,1,0,0,0,0,0,0,0,0,0,0,0,0,0,0,0,0,197
530,530,0,0,0,0,0,0,0,1,0,0,0,0,0,1,0,0,0,0,199
531,531,0,0,0,0,0,0,0,0,0,0,0,0,0,1,0,0,0,0,199
532,532,0,0,0,0,0,0,0,0,0,0,0,0,1,0,0,0,0,0,199
533,533,0,0,0,0,0,0,0,1,0,0,0,0,0,0,0,0,0,0,199
534,534,0,0,0,0,1,0,0,0,0,0,0,0,0,1,0,0,0,0,199
535,535,0,0,0,0,0,0,0,1,0,0,0,0,0,0,0,0,0,0,199
536,536,0,0,0,0,0,0,0,1,0,0,0,0,0,0,0,0,0,0,199
537,537,0,0,1,1,0,0,0,0,0,0,0,1,0,0,0,0,0,0,199
538,538,0,0,0,1,1,0,0,0,0,0,0,0,0,0,0,0,0,0,199
539,539,1,0,0,0,0,0,0,0,0,0,0,0,0,0,0,0,0,0,199
540,540,1,1,0,0,0,0,0,0,0,0,0,0,0,0,0,0,0,0,199
541,541,0,0,1,1,0,0,0,0,0,0,0,1,0,1,0,0,0,0,199
542,542,0,0,0,0,0,0,0,1,0,0,0,1,0,0,0,0,0,0,199
543,543,0,0,0,0,0,1,0,1,0,0,0,0,0,1,0,0,0,0,199
544,544,0,0,0,0,1,0,0,0,0,0,0,0,0,1,0,0,0,0,199
545,545,1,0,0,0,0,0,0,0,0,0,0,0,0,0,0,1,0,0,199
546,546,0,0,0,0,0,1,0,0,0,0,0,0,0,0,0,0,0,0,199
547,547,0,0,0,1,0,0,0,0,1,0,0,0,0,0,0,0,0,0,199
548,548,0,0,0,0,0,0,0,1,0,0,0,0,0,1,0,0,1,0,199
549,549,1,0,0,0,0,0,0,0,0,0,0,0,0,0,0,1,0,0,199
550,550,0,0,0,0,0,0,0,0,0,0,1,0,0,0,0,0,0,0,199
551,551,0,0,0,0,0,0,0,0,0,0,0,0,0,0,1,0,0,0,199
552,552,0,0,0,0,0,0,0,1,0,0,0,0,0,1,0,0,0,0,199
553,553,1,1,0,0,0,0,0,0,0,0,0,0,0,0,0,0,0,0,199
554,554,0,0,0,0,0,0,0,1,0,0,0,0,0,0,0,0,0,0,199
555,555,0,0,0,0,0,0,0,0,0,0,0,0,0,0,0,0,0,1,199
556,556,0,0,0,0,0,0,0,1,0,0,0,1,0,0,0,0,0,0,199
557,557,0,0,0,0,0,0,0,1,1,0,0,0,0,0,0,1,0,0,199
558,558,0,0,0,0,0,0,0,1,0,0,1,0,0,0,0,0,0,0,199
559,559,0,1,0,1,1,0,0,0,1,0,0,0,0,1,1,0,0,0,199
560,560,0,0,0,0,0,0,0,1,0,0,1,0,0,0,0,0,0,0,199
561,561,1,1,0,0,0,0,0,0,0,0,0,0,0,0,0,0,0,1,199
562,562,0,0,0,0,0,0,0,0,0,0,1,0,0,0,0,0,0,0,199
563,563,0,0,0,0,1,0,0,0,0,0,1,0,0,0,0,0,0,0,199
564,564,0,0,0,0,0,0,0,0,0,0,1,0,0,0,0,1,0,0,199
565,565,1,1,0,0,0,0,0,0,0,0,0,0,0,0,0,1,0,0,199
566,566,0,0,0,0,0,0,0,0,0,0,1,0,0,0,0,0,0,0,199
567,567,1,0,0,0,0,0,0,0,0,0,0,0,0,1,0,1,0,0,199
568,568,0,0,0,0,0,0,0,1,0,0,1,0,0,0,0,0,0,0,199
569,569,0,0,0,0,0,0,0,0,0,0,0,0,0,0,0,0,0,1,199
570,570,0,0,0,0,1,0,0,0,0,0,0,0,0,0,0,1,0,0,199
571,571,1,0,0,0,0,0,0,0,0,0,0,0,0,0,0,1,0,0,199
572,572,0,0,0,0,0,0,0,0,0,0,1,0,0,0,1,1,0,0,199
573,573,0,0,0,0,0,0,0,0,0,0,0,0,1,1,0,1,0,0,199
574,574,0,0,0,0,1,0,0,0,0,0,0,0,0,0,0,0,0,1,199
575,575,1,1,0,0,0,1,0,0,0,0,0,0,0,0,0,0,0,0,199
576,576,0,0,0,0,1,0,0,0,0,0,0,0,0,0,1,0,0,0,199
577,577,1,0,0,0,0,0,0,0,0,0,0,0,0,0,1,0,0,0,199
578,578,0,0,0,0,1,0,0,0,0,0,0,0,0,0,0,0,0,0,199
579,579,0,0,0,0,1,0,0,0,0,0,0,0,0,1,0,0,0,0,199
580,580,0,0,0,0,0,0,0,1,0,0,0,0,0,0,0,1,0,0,199
581,581,0,0,0,0,0,0,0,1,0,0,0,0,0,1,0,0,0,0,199
582,582,0,0,0,0,0,1,0,0,0,0,0,0,0,0,0,1,0,0,199
583,583,0,0,0,1,0,0,0,1,0,0,0,0,0,0,0,0,0,0,199
584,584,0,0,0,0,1,0,0,0,0,0,0,0,0,0,0,0,0,0,199
585,585,1,0,0,0,0,0,0,0,0,0,0,0,0,0,0,0,0,0,199
586,586,0,0,0,0,0,0,0,1,0,0,0,0,1,0,0,0,0,0,199
587,587,0,0,1,1,0,0,0,0,0,0,0,1,0,0,0,0,0,0,199
588,588,0,0,0,0,0,0,0,0,0,0,0,0,0,0,0,0,0,1,196
589,589,1,0,0,0,0,0,0,0,0,0,1,0,0,0,1,0,0,0,199
590,590,0,0,0,0,0,0,0,1,0,0,0,0,0,0,0,1,0,0,199
591,591,0,0,0,0,0,0,0,0,0,0,0,0,1,0,0,1,0,0,199
592,592,0,0,0,0,0,0,0,0,0,0,0,0,0,0,0,0,1,0,199
593,593,0,0,0,0,0,0,0,1,0,0,0,0,0,1,0,0,0,0,199
594,594,0,0,0,0,0,0,0,0,0,0,0,0,0,0,0,1,0,0,199
595,595,0,0,1,1,0,0,0,0,0,0,0,1,0,0,0,0,0,0,199
596,596,1,0,0,0,0,0,0,0,0,0,0,0,0,0,0,1,0,0,199
597,597,0,0,0,0,1,0,0,1,0,0,0,0,0,0,0,0,0,0,199
598,598,1,0,0,0,0,0,0,0,0,0,0,0,0,0,0,0,0,0,199
599,599,0,0,0,1,0,0,0,0,0,0,0,0,0,0,0,0,0,0,199
600,600,0,1,0,0,0,0,0,0,0,0,0,0,0,0,0,0,1,0,194
601,601,0,0,0,0,0,0,0,0,0,0,0,1,0,1,0,0,0,0,195
602,602,0,0,0,0,0,0,0,0,0,0,0,0,1,0,0,1,0,0,195
603,603,0,0,0,0,1,0,0,0,0,0,0,0,0,0,0,0,0,0,193
604,604,0,0,0,0,0,0,0,0,0,0,0,1,0,0,0,0,0,0,194
605,605,0,0,0,0,0,0,0,1,0,0,0,0,0,0,0,0,0,0,195
606,606,0,0,0,0,0,0,0,0,0,0,0,0,0,1,0,1,0,0,194
607,607,0,0,0,0,0,0,0,0,0,0,0,0,1,1,0,1,0,0,194
608,608,0,0,0,0,1,0,0,0,0,0,0,0,0,0,0,0,0,0,195
609,609,0,0,0,0,0,0,0,0,0,0,0,1,0,0,0,0,0,0,195
610,610,0,0,0,0,0,1,0,0,0,1,0,0,1,0,0,0,0,0,194
611,611,0,0,0,0,0,0,0,1,0,0,0,0,0,0,0,0,0,0,193
612,612,0,0,0,0,1,0,0,0,0,0,0,0,0,0,0,0,0,0,193
613,613,0,0,0,0,0,0,0,1,0,0,0,0,0,0,0,0,0,0,195
614,614,0,0,0,0,0,0,0,0,0,0,0,0,0,0,0,1,0,0,193
615,615,0,0,0,0,0,0,0,0,0,0,1,0,0,0,1,0,0,0,196
616,616,0,0,0,0,0,0,0,1,0,0,0,0,0,0,0,0,0,0,193
617,617,0,0,0,0,0,0,0,1,0,0,0,0,0,0,0,0,0,0,195
618,618,0,0,0,0,0,0,0,1,0,0,0,0,0,0,0,1,0,0,199
619,619,0,0,0,0,0,0,0,1,0,0,0,0,0,0,0,0,0,0,199
620,620,0,0,0,0,0,0,0,0,0,0,0,0,0,0,0,0,0,1,195
621,621,0,1,0,1,0,0,0,0,0,0,0,0,0,0,0,0,0,0,196
622,622,0,0,0,1,1,0,0,0,0,0,0,0,0,0,0,0,0,0,199
623,623,0,0,1,1,0,0,0,0,0,0,0,1,0,0,0,0,0,0,194
624,624,0,0,1,1,0,0,0,0,0,0,0,0,0,0,0,0,0,0,196
625,625,0,0,0,1,0,0,0,1,0,0,0,0,0,0,0,0,0,0,194
626,626,0,0,0,0,0,0,0,1,0,0,0,0,0,0,0,0,0,0,199
627,627,0,0,0,0,0,1,0,1,0,0,0,0,0,0,0,0,0,0,199
628,628,0,0,0,0,1,0,0,0,0,0,0,1,0,0,0,0,0,0,198
629,629,0,0,0,0,1,0,0,0,0,0,0,1,0,0,0,0,0,0,196
630,630,1,0,0,0,0,0,0,1,0,0,0,0,0,1,0,0,1,0,199
631,631,0,0,0,0,0,0,0,1,0,0,0,0,0,0,0,0,0,0,198
632,632,0,0,0,0,0,0,0,1,0,0,0,0,0,0,0,0,0,0,193
633,633,0,0,0,0,0,0,1,0,0,0,0,0,0,0,0,0,0,0,199
634,634,0,0,0,0,0,0,0,0,0,0,1,0,0,0,0,0,0,0,198
635,635,1,1,0,0,0,0,0,0,0,0,0,0,0,0,1,1,0,0,198
636,636,0,0,0,0,1,0,0,0,0,0,1,0,0,0,0,0,0,0,198
637,637,0,0,0,0,0,0,0,1,0,0,0,0,0,0,0,0,0,0,198
638,638,0,0,0,0,0,0,0,1,0,0,0,0,0,0,0,0,0,0,197
639,639,0,0,0,0,0,0,0,1,0,0,0,0,0,0,0,0,0,0,198
640,640,0,0,0,0,0,0,0,1,0,0,0,0,0,0,0,0,1,0,195
641,641,0,0,0,0,0,1,0,1,0,1,0,0,0,0,0,0,0,0,199
642,642,0,0,0,0,0,0,0,1,0,0,0,0,0,1,0,0,0,0,199
643,643,0,0,0,0,0,0,1,0,0,0,0,0,0,0,0,0,0,0,198
644,644,0,0,0,0,0,0,1,0,0,0,0,0,0,0,0,0,0,0,199
645,645,0,0,0,0,0,0,0,0,0,0,0,0,0,0,0,0,0,1,196
646,646,0,0,0,0,0,0,0,1,0,0,0,0,0,0,0,0,1,0,198
647,647,0,0,0,0,1,0,0,0,0,0,0,0,0,1,0,0,0,0,195
648,648,0,0,0,0,0,1,0,1,0,0,0,0,0,0,0,1,0,0,198
649,649,0,0,0,0,0,0,0,1,0,0,0,0,0,0,0,0,0,0,195
650,650,1,0,0,0,0,0,0,1,0,0,0,0,0,0,0,0,1,0,198
651,651,0,0,0,0,1,0,0,1,0,0,0,0,0,0,0,0,0,0,199
652,652,0,0,0,0,0,1,0,0,0,1,0,0,0,0,0,1,0,0,195
653,653,0,0,0,0,0,0,0,0,0,1,0,0,1,0,0,1,0,0,197
654,654,0,1,0,0,1,0,0,1,0,0,0,0,0,0,0,0,0,0,198
655,655,0,0,0,0,0,1,0,0,0,1,0,0,0,0,0,1,0,0,193
656,656,0,0,0,0,0,0,0,0,0,1,0,0,0,0,0,1,0,0,196
657,657,0,0,0,0,0,0,0,1,0,0,0,0,0,0,0,0,0,0,199
658,658,0,0,0,0,1,0,0,0,0,0,0,0,1,0,0,1,0,0,194
659,659,0,0,0,0,0,0,0,1,0,0,0,0,0,0,0,0,0,0,199
660,660,0,0,0,0,0,0,0,0,0,0,0,0,0,0,0,0,0,1,195
661,661,0,0,0,0,0,0,0,1,0,0,0,0,0,1,0,0,0,0,198
662,662,0,0,0,0,1,0,0,0,0,0,0,0,0,0,0,0,0,0,197
663,663,0,0,0,0,0,0,0,1,0,0,0,0,0,0,0,0,0,0,198
664,664,1,0,0,0,0,0,0,0,0,0,1,0,0,0,1,1,0,0,199
665,665,0,0,0,0,0,0,0,0,0,0,1,0,0,0,0,0,0,0,197
666,666,0,0,0,0,0,0,0,0,0,0,1,0,0,0,0,0,0,0,197
667,667,1,0,0,0,0,0,0,0,0,0,1,0,0,0,0,0,0,0,198
668,668,0,0,0,0,0,0,0,0,0,0,1,0,0,0,0,0,0,0,199
669,669,0,0,0,0,0,0,0,0,0,0,1,0,0,0,1,1,0,0,199
670,670,0,0,0,0,0,0,0,0,0,0,1,0,0,0,0,0,0,0,193
671,671,0,0,0,0,0,0,0,0,0,0,1,0,0,0,0,0,0,0,199
672,672,0,0,0,0,0,0,0,0,0,1,0,0,0,0,0,1,0,0,196
673,673,0,0,0,0,0,0,0,0,0,0,1,0,0,0,0,0,0,0,198
674,674,0,0,0,0,0,0,0,0,0,0,1,0,0,0,0,0,0,0,192
675,675,0,0,0,0,0,0,0,1,0,0,0,0,0,0,0,0,0,0,199
676,676,0,0,0,0,0,0,1,0,0,0,0,0,0,0,0,0,0,0,199
677,677,0,0,0,0,0,0,0,1,0,0,0,0,0,0,0,1,0,0,199
678,678,1,1,0,0,0,0,0,0,0,0,0,0,0,0,0,0,0,0,198
679,679,1,1,0,0,0,0,0,0,0,0,0,0,0,0,0,0,0,0,199
680,680,0,0,0,0,0,0,0,0,0,0,1,0,0,0,0,0,0,0,199
681,681,0,0,0,0,0,0,0,0,0,0,1,0,1,0,0,1,0,0,199
682,682,0,0,0,0,1,0,0,0,0,0,0,0,0,0,0,0,0,0,199
683,683,1,0,0,0,0,0,0,0,0,0,0,0,0,0,0,1,0,0,199
684,684,1,0,0,0,0,0,0,0,0,0,0,0,0,0,0,1,0,0,199
685,685,1,0,0,0,0,0,0,1,0,0,0,0,0,0,0,0,0,0,199
686,686,0,0,0,0,1,0,0,0,0,0,0,0,0,0,0,0,1,0,199
687,687,0,0,0,0,1,0,0,0,0,0,0,0,0,0,0,0,0,0,199
688,688,1,0,0,0,0,0,0,0,0,0,0,0,0,0,0,1,0,0,199
689,689,0,0,0,0,0,0,0,1,0,0,0,0,0,0,0,0,1,0,199
690,690,0,0,0,0,0,0,0,0,0,1,0,0,0,0,1,1,0,0,199
691,691,0,0,0,0,1,0,0,1,0,0,0,0,0,1,0,0,0,0,199
692,692,0,0,0,0,0,0,0,1,0,0,0,0,0,0,0,0,0,0,199
693,693,0,0,0,0,0,0,0,0,0,0,0,0,0,1,0,0,0,0,199
694,694,0,0,0,0,1,0,0,1,0,0,0,0,0,0,0,0,0,0,199
695,695,0,0,0,0,0,0,0,1,0,0,0,0,0,0,0,1,0,0,199
696,696,0,0,0,0,0,0,0,1,0,0,0,0,0,0,0,0,0,0,199
697,697,0,0,0,0,0,0,0,1,0,0,0,0,0,0,0,0,0,0,199
698,698,0,0,0,0,0,0,0,1,0,0,0,0,0,0,0,0,0,0,199
699,699,0,0,0,0,1,0,0,0,0,0,0,0,0,0,0,0,0,0,199
700,700,0,0,0,0,0,0,1,0,0,0,0,0,0,0,0,0,0,0,199
701,701,0,0,0,0,1,0,0,0,0,0,0,0,0,1,0,0,0,0,199
702,702,0,0,0,0,0,0,0,1,0,0,0,0,0,0,0,0,0,0,199
703,703,0,0,0,0,0,0,0,1,0,0,0,0,0,1,0,0,0,0,199
704,704,0,0,0,0,0,0,0,0,0,0,0,1,0,1,0,0,0,0,195
705,705,0,0,0,0,0,0,0,0,0,0,1,0,0,0,0,0,0,0,199
706,706,0,0,0,0,0,0,0,1,0,0,0,0,0,0,0,0,0,0,199
707,707,0,0,0,0,0,0,0,1,0,0,0,0,0,0,0,0,0,0,198
708,708,0,0,0,0,1,0,0,0,0,0,0,0,0,1,0,0,0,0,199
709,709,0,0,0,0,1,0,0,0,0,0,0,0,0,0,0,0,0,0,198
710,710,0,0,0,0,0,0,0,1,0,0,0,0,0,0,0,0,0,0,199
711,711,0,0,0,0,1,0,0,1,0,0,0,0,0,0,0,0,0,0,198
712,712,0,0,0,0,0,0,0,1,0,0,0,0,0,0,0,0,0,0,199
713,713,0,0,0,0,0,0,0,1,0,0,0,0,0,1,0,0,0,0,199
714,714,0,0,0,0,1,0,0,1,0,0,0,0,0,0,0,0,0,0,199
715,715,0,0,0,0,0,0,0,1,0,0,0,0,0,1,0,0,0,0,199
716,716,0,0,0,0,0,0,0,1,0,0,0,0,0,0,0,1,0,0,199
717,717,0,0,0,0,1,0,0,0,0,0,0,0,0,0,0,0,0,0,199
718,718,0,0,0,0,1,0,0,0,0,0,0,0,0,0,0,0,1,0,199
719,719,1,1,0,0,0,0,0,1,0,0,0,0,0,1,0,0,0,0,199
720,720,0,0,0,0,1,0,0,0,0,0,0,0,0,0,0,0,0,0,199
721,721,0,0,0,0,1,0,0,0,0,0,0,0,0,0,0,0,0,0,199
722,722,0,0,0,0,1,0,0,1,0,0,0,0,0,0,0,0,0,0,199
723,723,0,0,0,0,0,0,0,1,0,0,0,0,0,1,0,0,0,0,199
724,724,0,0,0,0,1,0,0,0,0,0,0,0,0,0,0,0,0,0,199
725,725,0,0,0,1,0,0,0,1,0,0,0,0,0,0,0,0,0,0,199
726,726,0,0,0,0,0,0,0,1,0,0,0,0,0,1,0,0,0,0,199
727,727,0,0,0,0,1,0,0,0,0,0,0,0,0,0,1,0,0,0,199
728,728,0,0,0,0,0,0,0,1,0,0,0,0,0,0,0,0,0,0,199
729,729,0,0,0,0,0,0,0,1,0,0,0,0,0,1,0,0,0,0,199
730,730,0,0,0,0,1,0,0,1,0,0,0,0,0,1,0,0,0,0,199
731,731,0,0,0,0,1,0,0,0,0,0,0,0,0,1,0,0,0,0,199
732,732,0,0,0,0,0,0,0,1,0,0,0,0,0,1,0,0,0,0,199
733,733,0,0,0,0,1,0,0,0,0,0,0,0,0,0,0,0,0,0,199
734,734,0,0,0,0,0,0,0,1,0,0,0,0,0,0,0,0,0,0,199
735,735,0,0,0,0,0,0,0,1,0,0,0,0,0,1,0,0,0,0,199
736,736,0,0,0,0,1,0,0,1,0,0,0,0,0,0,0,0,0,0,199
737,737,0,0,0,0,1,0,0,0,0,0,0,0,0,1,0,0,0,0,199
738,738,0,0,0,0,1,0,0,0,0,0,0,0,0,1,0,0,0,0,199
739,739,0,0,0,0,0,0,0,1,0,0,0,0,0,1,0,0,0,0,199
740,740,0,0,0,0,0,0,0,1,0,0,0,0,0,0,0,1,0,0,199
741,741,0,0,0,0,0,0,0,1,0,0,0,0,0,0,0,1,0,0,199
742,742,1,0,0,0,0,0,0,0,0,0,0,0,0,0,0,1,0,0,199
743,743,0,0,0,0,0,0,0,1,0,0,0,0,0,0,0,0,1,0,199
744,744,0,0,0,0,1,0,0,0,0,0,0,0,0,0,0,0,0,0,197
745,745,0,0,0,0,1,0,0,0,0,0,0,0,0,0,0,0,0,0,198
746,746,0,0,0,0,1,0,0,0,0,0,0,0,0,1,0,0,0,0,199
747,747,1,0,0,0,0,0,0,0,0,0,0,0,0,1,0,1,0,0,199
748,748,0,0,0,0,1,0,0,0,0,0,0,0,0,1,0,0,0,0,199
749,749,0,0,0,0,0,0,0,1,0,0,0,0,0,0,0,0,0,0,199
750,750,1,0,0,0,0,0,0,0,0,0,0,0,0,1,0,1,0,0,199
751,751,1,0,0,0,0,0,0,0,0,0,0,0,0,0,0,1,0,0,199
752,752,0,0,0,0,0,0,0,1,0,0,0,0,0,0,0,0,0,0,199
753,753,0,0,0,0,0,1,0,0,0,0,0,0,0,0,0,1,0,0,199
754,754,1,1,0,1,0,0,0,0,1,0,0,0,0,0,1,0,0,0,199
755,755,0,0,0,0,1,0,0,0,0,0,0,0,0,0,0,0,0,0,199
756,756,0,0,0,0,0,0,1,0,0,0,0,0,0,0,0,0,0,0,199
757,757,0,0,0,0,0,0,0,0,0,0,0,0,0,0,1,1,0,0,199
758,758,1,0,0,0,0,0,0,0,0,0,0,0,0,0,0,0,0,0,199
759,759,0,0,0,0,0,0,0,0,0,0,0,0,0,0,1,0,0,0,199
760,760,1,0,0,0,0,0,0,0,0,0,0,0,0,0,0,1,0,0,199
761,761,0,0,0,0,0,0,0,1,0,0,0,0,0,0,0,0,0,0,199
762,762,0,0,0,0,1,0,0,0,0,0,0,0,0,0,0,0,0,0,199
763,763,0,0,0,0,1,0,0,0,0,0,0,0,0,1,0,0,0,0,199
764,764,0,0,0,0,1,0,0,0,0,0,0,0,0,1,0,0,0,0,199
765,765,0,0,0,0,0,0,1,0,0,0,0,0,0,0,0,0,0,0,199
766,766,0,0,0,0,0,0,0,0,0,0,1,0,0,0,0,0,0,0,199
767,767,0,1,0,1,0,0,0,0,0,0,0,0,0,0,0,0,0,0,199
768,768,1,1,0,0,0,0,0,0,0,0,0,0,1,0,1,0,0,0,199
769,769,0,0,0,0,0,1,0,0,0,1,0,0,1,0,0,1,0,0,199
770,770,1,0,0,0,0,0,0,0,0,0,0,0,0,0,1,1,0,0,199
771,771,0,0,0,0,0,0,0,1,0,0,0,0,0,0,0,0,0,0,199
772,772,0,0,0,0,0,0,0,0,0,0,0,0,0,0,0,1,0,0,199
773,773,0,0,0,0,0,0,0,0,0,0,1,0,0,0,0,0,0,0,199
774,774,0,0,0,0,1,0,0,1,0,0,0,0,0,1,0,0,0,0,199
775,775,0,0,0,0,0,0,0,1,0,0,0,0,0,0,0,0,0,0,199
776,776,0,0,0,0,0,0,0,0,0,0,1,0,0,0,0,0,0,0,199
777,777,0,0,0,0,1,0,0,1,0,0,0,0,0,1,0,0,0,0,199
778,778,1,0,0,0,0,0,0,0,0,0,0,0,0,0,0,0,0,0,199
779,779,0,0,0,0,1,0,0,0,0,0,0,0,0,0,0,0,0,0,199
780,780,0,0,0,0,1,0,0,0,0,0,0,0,0,1,0,0,0,0,199
781,781,0,0,0,0,0,0,0,1,0,0,0,0,0,0,0,0,0,0,199
782,782,0,0,0,0,1,0,0,0,0,0,0,0,0,1,0,0,0,0,199
783,783,0,0,0,0,0,0,0,1,0,0,1,0,0,0,0,0,0,0,199
784,784,0,0,0,0,1,0,0,0,0,0,0,0,0,1,0,0,0,0,199
785,785,0,0,0,0,1,0,0,0,0,0,0,0,0,1,0,0,0,0,199
786,786,0,0,0,0,1,0,0,1,0,0,0,0,0,0,0,0,0,0,199
787,787,0,0,0,0,0,0,0,0,0,0,1,0,0,0,0,1,0,0,199
788,788,0,0,0,0,1,0,0,1,0,0,0,0,0,0,0,0,0,0,199
789,789,0,0,0,0,1,0,0,0,0,0,0,0,0,0,0,0,0,0,199
790,790,0,0,0,1,0,0,0,0,0,0,0,0,0,0,0,0,0,0,199
791,791,0,0,0,0,1,0,0,0,0,0,0,0,0,0,0,0,0,0,199
792,792,0,0,0,0,1,0,0,0,0,0,0,0,0,0,0,0,0,0,199
793,793,0,0,0,0,0,0,0,1,0,0,0,0,0,1,0,0,0,0,199
794,794,0,0,0,1,1,0,0,0,0,0,0,0,0,0,0,0,0,0,199
795,795,0,0,0,0,1,0,0,0,0,0,0,0,0,1,0,0,0,0,199
796,796,1,0,0,0,0,0,0,0,0,0,0,0,0,0,1,0,0,0,199
797,797,1,0,0,0,0,0,0,0,0,0,0,0,0,0,0,0,0,0,199
798,798,0,0,0,0,0,0,0,1,0,0,0,0,0,0,0,0,0,0,199
799,799,0,0,0,0,0,0,0,0,0,0,1,0,0,0,0,1,0,0,199
800,800,0,0,0,0,1,0,0,0,0,0,0,0,0,0,0,0,0,0,199
801,801,1,1,0,0,0,1,0,0,0,0,0,0,0,0,0,1,0,0,199
802,802,1,0,0,0,0,0,0,1,0,0,0,0,0,0,0,0,1,0,199
803,803,0,0,0,0,1,0,0,0,0,0,0,0,0,0,0,0,0,0,199
804,804,0,0,0,0,1,0,0,0,0,0,0,0,1,0,0,0,0,0,199
805,805,1,0,0,0,0,1,0,1,0,0,0,0,0,0,0,0,0,0,199
806,806,0,0,0,0,0,0,0,1,0,0,0,0,0,0,0,0,0,0,199
807,807,1,0,0,0,0,0,0,1,0,0,0,0,0,0,0,0,0,0,199
808,808,1,0,0,0,0,0,0,1,0,0,0,0,1,0,0,0,0,0,199
809,809,1,0,0,0,0,0,0,0,0,0,0,0,0,0,0,0,0,0,199
810,810,0,0,0,0,0,0,1,0,0,0,0,0,0,0,0,0,0,0,199
811,811,0,1,0,1,0,0,0,0,0,0,0,0,0,0,0,0,0,0,199
812,812,0,0,0,0,0,0,1,0,0,0,0,0,0,0,0,0,0,0,199
813,813,0,0,0,0,0,0,1,0,0,0,0,0,0,0,0,0,0,0,199
814,814,0,0,0,0,0,0,0,1,0,0,0,0,0,1,0,0,0,0,199
815,815,0,0,0,0,0,0,0,0,0,0,1,0,0,0,0,0,0,0,199
816,816,0,0,0,0,0,0,0,1,0,0,0,0,0,0,0,0,0,0,199
817,817,0,0,0,0,1,0,0,0,0,0,0,0,0,0,0,0,0,0,199
818,818,0,0,0,0,1,0,0,0,0,0,0,0,0,0,0,0,0,0,199
819,819,0,1,1,1,1,0,0,0,1,0,0,0,0,0,0,0,0,0,199
820,820,0,0,0,0,1,0,0,0,0,0,0,0,0,1,0,0,0,0,199
821,821,0,0,0,0,0,0,0,1,0,0,0,0,0,0,0,0,0,0,196
822,822,0,0,0,0,0,1,0,0,0,1,0,0,0,0,0,1,0,0,199
823,823,0,0,0,0,1,0,0,0,0,0,0,0,0,0,0,0,0,0,199
824,824,1,0,0,0,0,0,0,0,0,0,0,0,0,0,1,1,0,0,199
825,825,0,1,0,0,0,0,0,0,0,0,0,0,0,0,0,0,0,0,199
826,826,1,1,0,0,0,0,0,0,0,0,0,0,0,0,0,1,0,0,199
827,827,0,1,0,1,0,0,0,0,0,0,0,0,0,0,0,0,0,0,199
828,828,1,1,0,0,0,0,0,0,0,0,0,0,0,0,0,0,0,0,199
829,829,1,0,0,0,0,0,0,0,0,0,0,0,1,0,0,1,0,0,199
830,830,1,1,0,0,0,0,0,0,0,0,0,0,0,0,1,1,0,0,199
831,831,0,0,0,1,0,0,0,1,1,0,0,0,0,0,0,0,0,0,199
832,832,1,0,0,0,0,0,0,0,0,0,0,0,0,0,0,0,0,0,199
833,833,0,0,0,0,0,0,0,0,0,0,1,0,0,0,0,1,0,0,199
834,834,0,0,0,0,1,0,0,0,0,0,0,1,0,1,0,0,0,0,193
835,835,0,0,0,0,1,0,0,0,0,0,0,0,0,1,0,0,0,0,193
836,836,0,0,0,0,0,0,0,1,0,0,0,0,0,0,0,0,0,0,194
837,837,1,0,0,0,0,0,0,0,0,0,0,0,0,0,0,0,0,0,199
838,838,0,0,0,0,0,0,0,0,0,0,1,0,0,0,0,1,0,0,199
839,839,1,0,0,0,0,0,0,1,0,0,0,0,0,0,0,0,0,1,199
840,840,1,0,0,0,0,0,0,0,0,0,0,0,0,0,0,1,0,0,199
841,841,0,0,0,1,1,0,0,1,0,0,0,0,0,0,0,0,0,0,196
842,842,0,0,0,1,1,0,0,0,0,0,0,0,0,0,0,0,0,0,195
843,843,0,0,0,0,0,1,0,0,0,0,0,0,0,0,0,0,0,0,199
844,844,0,0,0,0,1,0,0,0,0,0,0,0,0,0,0,0,0,0,199
845,845,0,0,0,0,0,0,0,1,0,0,0,0,0,1,0,0,0,0,199
846,846,0,0,0,0,0,0,1,1,0,0,0,0,0,0,0,0,0,0,199
847,847,0,0,0,0,0,0,0,0,0,1,0,0,0,0,0,1,0,0,194
848,848,1,0,0,0,0,0,0,0,0,0,0,0,0,1,0,0,0,0,199
849,849,0,0,0,0,0,0,1,0,0,0,0,0,0,0,0,0,0,0,199
850,850,0,0,0,0,0,0,0,1,0,0,0,0,0,0,0,0,0,0,196
851,851,0,0,0,0,0,0,0,1,0,0,0,0,0,0,0,1,0,0,199
852,852,0,0,0,0,1,0,0,0,0,0,1,0,0,0,0,0,0,0,199
853,853,0,0,0,0,1,0,0,0,0,0,1,0,0,0,0,0,0,0,198
854,854,1,0,0,0,0,0,0,1,0,0,0,0,1,1,0,1,0,0,198
855,855,0,0,0,0,1,0,0,1,0,0,0,0,0,0,0,0,0,0,199
856,856,0,0,0,0,0,0,1,0,0,0,0,0,0,0,0,0,0,0,199
857,857,0,0,0,0,0,0,0,0,0,0,1,0,0,0,0,0,0,0,199
858,858,0,0,0,0,1,0,0,0,0,0,1,0,0,0,0,0,0,0,198
859,859,0,0,0,0,0,0,0,0,0,0,1,0,0,0,0,1,0,0,198
860,860,0,0,0,0,0,0,0,0,0,0,1,0,0,0,0,0,0,0,198
861,861,0,1,0,1,1,0,0,0,0,0,0,0,0,0,0,0,0,0,199
862,862,0,0,0,0,0,0,0,1,0,0,0,0,0,0,0,0,0,0,199
863,863,0,0,0,0,1,0,0,0,0,0,0,0,0,0,0,0,0,0,199
864,864,0,0,0,0,0,0,0,1,0,0,0,0,0,0,0,0,0,0,199
865,865,0,0,0,0,1,0,0,0,0,0,0,0,0,1,0,0,0,0,199
866,866,0,0,0,0,0,0,0,1,0,0,0,0,0,0,0,0,0,0,199
867,867,0,0,0,0,0,0,0,1,0,0,0,0,0,0,0,0,0,0,199
868,868,0,0,0,0,1,0,0,0,0,0,0,0,0,1,0,0,0,0,199
869,869,0,0,0,0,0,0,0,0,0,0,0,0,0,1,0,0,0,0,199
870,870,0,0,0,0,1,0,0,0,0,0,0,0,0,0,0,0,0,0,199
871,871,0,0,0,0,0,0,0,0,0,0,0,0,0,1,0,0,0,0,199
872,872,0,0,0,0,1,0,0,0,0,0,0,0,0,1,0,0,0,0,199
873,873,0,0,0,0,0,0,0,1,0,0,0,0,0,0,0,0,0,0,199
874,874,0,0,0,0,0,0,0,1,0,0,0,0,0,1,0,0,0,0,199
875,875,1,0,0,0,1,0,0,0,0,0,0,0,0,0,0,0,0,0,199
876,876,0,1,0,0,0,0,0,0,0,0,0,0,0,1,0,0,0,0,199
877,877,0,0,0,1,1,0,0,0,0,0,0,0,1,0,0,0,0,0,199
878,878,1,0,0,0,0,0,0,0,0,0,0,0,0,0,0,1,1,0,199
879,879,0,0,0,0,0,0,0,1,0,0,0,0,0,0,0,0,0,0,199
880,880,1,0,0,0,1,0,0,0,0,0,0,0,0,0,0,0,0,0,199
881,881,0,0,0,0,0,0,0,1,0,0,0,0,0,0,0,0,0,0,199
882,882,0,0,0,0,0,0,0,1,0,0,0,0,0,0,0,0,0,0,199
883,883,0,0,0,0,0,0,1,0,0,0,0,0,0,0,0,0,0,0,199
884,884,0,0,0,0,0,0,0,0,0,0,1,0,0,0,0,0,0,0,199
885,885,0,0,0,0,0,0,0,0,0,0,0,0,0,1,0,1,0,0,199
886,886,0,0,0,0,0,0,0,1,0,0,0,0,0,0,0,0,0,0,199
887,887,0,0,0,0,0,0,0,1,0,0,0,0,0,0,0,0,0,0,199
888,888,0,0,0,0,0,0,0,0,0,0,0,0,0,1,0,0,0,0,199
889,889,1,1,0,0,0,0,0,0,0,0,0,0,0,0,0,0,0,0,199
890,890,0,0,0,0,0,0,0,1,0,0,0,0,0,0,0,0,1,0,199
891,891,0,0,0,1,1,0,0,0,1,0,0,0,0,0,0,0,0,0,199
892,892,0,0,0,0,1,0,0,0,0,0,0,0,0,0,0,0,0,0,199
893,893,0,0,0,1,1,0,0,0,0,0,0,0,0,0,0,0,0,0,199
894,894,0,0,0,0,0,0,0,0,0,0,1,0,0,0,0,1,0,0,199
895,895,0,0,0,0,0,0,0,1,0,0,0,0,0,0,0,0,0,0,199
896,896,1,1,0,0,0,0,0,0,0,0,0,0,0,0,1,0,0,0,199
897,897,0,0,0,0,0,0,0,1,0,0,0,0,0,0,0,0,0,0,199
898,898,0,0,0,0,0,0,0,1,0,0,0,0,0,0,0,0,0,0,199
899,899,0,0,0,0,0,0,0,1,0,0,0,0,0,0,0,0,0,0,199
900,900,0,0,0,0,1,0,0,0,0,0,0,0,0,0,0,0,0,0,199
901,901,0,0,0,0,1,1,0,0,0,0,0,0,1,0,0,1,0,0,199
902,902,0,0,0,0,0,0,0,1,0,0,0,0,0,1,0,0,0,0,199
903,903,0,0,0,0,1,0,0,1,0,0,0,0,0,0,0,0,0,0,199
904,904,0,0,0,0,0,0,0,1,0,0,0,0,0,1,0,0,0,0,199
905,905,0,0,0,0,0,0,0,1,0,0,0,0,0,1,0,0,0,0,199
906,906,0,0,0,0,1,0,0,0,0,0,0,0,0,0,0,0,0,0,199
907,907,0,0,0,0,1,0,0,0,0,0,0,0,0,0,0,0,0,0,199
908,908,0,0,0,0,0,0,0,1,0,0,0,0,0,0,0,0,0,0,199
909,909,0,0,0,0,0,0,0,1,0,0,0,0,0,0,0,0,0,0,199
910,910,0,0,0,0,0,1,0,1,0,0,0,0,0,0,0,0,0,0,199
911,911,1,0,0,0,0,0,0,0,0,0,0,0,0,0,0,1,0,0,199
912,912,0,0,0,0,1,0,0,0,0,0,0,0,0,0,0,0,0,0,199
913,913,0,0,0,0,0,1,0,1,0,0,0,0,1,0,0,1,0,0,199
914,914,0,0,0,0,0,0,0,1,0,0,0,0,0,0,0,0,0,0,199
915,915,1,0,0,0,0,0,0,0,0,0,0,0,0,0,1,1,0,0,199
916,916,1,0,0,0,0,0,0,1,0,0,0,0,0,0,0,1,0,0,199
917,917,0,0,0,0,0,0,0,0,0,0,0,0,0,1,0,0,0,0,199
918,918,0,1,0,0,0,0,0,0,0,0,0,0,0,0,1,0,0,0,199
919,919,0,0,0,0,0,0,0,1,0,0,0,0,0,0,0,0,0,0,199
920,920,0,0,0,0,0,0,0,1,0,0,0,0,0,1,0,0,0,0,199
921,921,0,0,0,0,0,0,0,0,0,0,0,0,0,0,0,0,0,1,199
922,922,0,0,0,0,0,0,0,1,0,0,0,0,0,0,0,0,0,0,199
923,923,0,1,0,0,0,0,0,1,0,0,0,0,0,0,0,0,0,0,199
924,924,0,0,0,0,0,0,0,0,0,0,0,0,0,0,1,1,0,0,199
925,925,0,0,0,0,1,0,0,0,0,0,0,0,0,0,0,0,0,0,199
926,926,0,0,0,0,0,0,0,1,0,0,0,0,0,0,0,0,0,0,199
927,927,0,0,0,0,0,0,0,1,0,0,1,0,0,0,0,0,0,0,199
928,928,0,0,0,1,1,0,0,0,0,0,0,0,0,0,0,0,0,0,199
929,929,1,1,0,0,0,0,0,0,0,0,0,0,0,0,0,1,0,0,199
930,930,0,0,0,0,0,0,0,0,0,0,0,0,0,0,1,1,0,0,199
931,931,0,0,0,1,1,0,0,0,0,0,0,0,0,0,0,0,0,0,199
932,932,0,0,0,0,0,0,0,1,0,0,0,0,0,0,0,0,0,0,199
933,933,0,0,0,0,0,0,0,1,0,0,0,0,0,0,0,0,0,0,199
934,934,0,0,0,0,0,0,0,1,0,0,0,0,0,0,0,0,1,0,199
935,935,0,0,0,0,1,0,0,1,0,0,0,0,0,1,0,0,0,0,199
936,936,0,0,0,0,0,0,0,1,0,0,0,0,0,0,0,0,0,0,199
937,937,0,0,0,0,1,0,0,0,0,0,0,0,0,1,0,0,0,0,199
938,938,0,0,0,0,0,0,0,1,0,0,0,0,0,0,0,1,0,0,199
939,939,0,0,0,0,1,0,0,0,0,0,0,0,0,0,0,0,0,0,199
940,940,0,0,0,0,1,0,0,1,0,0,0,0,0,0,0,0,0,0,199
941,941,0,0,0,0,0,0,0,1,0,0,0,0,0,0,0,0,0,0,199
942,942,0,0,0,0,0,0,0,0,0,0,0,0,0,0,0,1,0,0,199
943,943,0,0,0,0,1,0,0,1,0,0,0,0,0,0,0,0,1,0,199
944,944,0,0,0,0,1,0,0,0,0,0,0,0,1,1,0,1,0,0,196
945,945,0,0,1,1,0,0,0,0,0,0,0,0,0,0,0,0,0,0,198
946,946,0,1,0,0,0,0,0,0,0,0,0,0,0,1,0,0,0,0,198
947,947,0,0,0,0,1,0,0,0,0,0,0,0,0,1,0,0,0,0,199
948,948,0,0,0,0,0,0,0,1,0,0,0,0,0,1,0,0,0,0,199
949,949,0,0,0,0,0,0,0,1,0,0,0,0,0,0,0,0,0,0,199
950,950,0,1,0,1,0,0,0,0,1,0,0,0,0,0,0,0,0,0,199
951,951,0,0,0,0,1,0,0,0,0,0,0,0,0,0,0,0,0,0,199
952,952,0,0,0,0,1,0,0,1,0,0,0,0,0,0,0,0,0,0,199
953,953,0,0,0,0,0,0,1,0,0,0,0,0,0,0,0,0,0,0,199
954,954,0,0,0,0,0,0,0,1,0,0,0,0,0,1,0,0,0,0,199
955,955,0,0,0,0,0,0,0,1,0,0,0,0,0,0,0,0,0,0,199
956,956,0,0,0,0,1,0,0,0,0,0,0,0,0,0,0,0,0,0,199
957,957,0,0,0,0,0,0,0,1,0,0,0,0,0,0,0,0,0,0,199
958,958,0,0,0,0,1,0,0,0,0,0,0,0,0,0,0,0,0,0,199
959,959,0,0,0,0,0,0,0,1,0,0,0,0,0,0,0,0,0,0,199
960,960,0,0,0,0,0,0,0,1,0,0,0,0,0,0,0,0,0,0,199
961,961,0,0,0,0,0,0,0,1,0,0,0,0,0,0,0,0,0,0,199
962,962,0,0,0,0,0,0,0,1,0,0,0,0,0,0,0,1,0,0,199
963,963,0,0,0,0,1,0,0,1,0,0,0,0,0,0,0,0,0,0,199
964,964,0,0,0,0,1,0,0,0,0,0,0,1,0,0,0,0,0,0,195
965,965,0,0,0,0,0,0,0,0,0,0,0,0,0,1,0,0,0,0,195
966,966,0,0,0,0,0,0,0,1,0,0,0,0,0,0,0,0,0,0,193
967,967,0,0,0,0,0,0,0,0,0,0,0,1,0,0,0,0,0,0,194
968,968,0,0,1,1,0,0,0,0,0,0,0,0,0,0,0,0,0,0,196
969,969,0,0,0,0,1,0,0,0,0,0,0,0,0,0,0,0,0,0,199
970,970,0,0,0,0,1,0,0,0,0,0,0,0,0,0,0,0,1,0,199
971,971,0,0,0,0,0,0,0,1,0,0,0,0,0,0,0,0,0,0,199
972,972,0,0,0,0,0,0,1,0,0,0,0,0,0,0,0,0,0,0,199
973,973,0,0,0,0,0,0,0,1,0,0,0,0,0,0,0,1,0,0,199
974,974,0,0,0,0,0,0,0,0,0,0,0,0,0,0,0,1,0,0,199
975,975,1,0,0,0,0,0,0,0,0,0,0,0,0,0,1,1,0,0,199
976,976,1,0,0,0,0,0,0,0,0,0,0,0,0,0,0,0,0,0,199
977,977,0,0,0,0,0,0,0,0,0,0,0,0,1,0,0,1,0,0,199
978,978,0,0,0,0,0,0,0,1,0,0,0,0,0,0,0,1,0,0,199
979,979,0,0,0,0,0,0,0,1,0,0,0,0,0,0,0,0,0,0,199
980,980,0,0,0,0,0,0,0,1,0,0,0,0,0,0,0,0,0,0,199
981,981,1,1,0,0,0,0,0,0,0,0,0,0,0,0,0,1,0,0,199
982,982,0,0,0,0,0,0,0,0,0,0,0,0,0,0,0,1,0,0,199
983,983,0,0,0,0,0,0,0,0,0,0,0,0,0,0,0,1,0,0,199
984,984,0,0,0,0,0,0,0,1,0,0,0,0,0,0,0,0,0,0,199
985,985,0,0,0,0,0,0,0,0,0,0,0,0,0,0,0,1,0,0,199
986,986,0,0,0,0,0,0,0,0,0,0,0,0,0,0,0,1,0,0,199
987,987,0,0,0,0,1,0,0,0,0,0,0,0,0,1,0,0,0,0,199
988,988,0,0,1,1,0,0,0,0,0,0,0,1,0,0,0,0,0,0,199
989,989,0,0,0,0,0,0,0,1,0,0,0,0,0,1,0,0,0,0,199
990,990,0,0,0,0,0,1,0,0,0,0,0,0,0,0,0,0,0,0,199
991,991,0,0,0,0,1,0,0,0,0,0,0,0,0,0,0,1,0,0,199
992,992,0,1,1,1,1,0,0,0,0,0,0,1,0,0,0,0,0,0,199
993,993,0,0,0,0,0,0,0,1,0,0,0,0,0,0,0,0,0,0,199
994,994,0,0,0,0,1,0,0,0,0,0,0,0,0,0,0,0,0,0,199
995,995,0,0,0,1,1,0,0,0,0,0,0,0,0,0,0,0,0,0,199
996,996,0,0,0,0,1,0,0,0,0,0,0,0,0,0,0,0,0,0,199
997,997,0,0,0,0,1,0,0,0,0,0,0,0,0,0,0,0,0,0,199
998,998,0,0,0,0,1,0,0,0,0,0,0,0,0,0,0,0,0,0,199
999,999,0,0,0,0,1,0,0,0,0,0,0,0,0,0,0,0,0,1,199
1000,1000,0,0,0,0,1,0,0,0,0,0,0,0,0,0,0,0,0,0,199
1001,1001,0,0,0,0,1,0,0,0,0,0,0,0,0,0,0,0,0,0,199
1002,1002,0,0,0,1,1,0,0,0,0,0,0,0,1,0,0,0,0,0,199
1003,1003,0,0,0,0,0,0,0,1,0,0,0,0,0,0,0,0,0,1,199
1004,1004,0,0,0,0,0,0,0,1,0,0,0,0,0,0,0,0,0,0,199
1005,1005,0,0,0,0,0,0,0,1,0,0,0,0,0,0,1,0,0,0,199
1006,1006,0,0,0,0,1,0,0,0,0,0,0,0,0,0,0,0,0,0,199
1007,1007,0,0,0,0,0,0,0,1,0,0,0,0,0,0,0,0,0,0,199
1008,1008,0,0,0,0,0,0,0,1,0,0,0,0,0,0,0,0,0,0,199
1009,1009,0,0,0,0,0,0,0,1,0,0,0,0,0,0,0,0,0,0,199
1010,1010,0,0,0,0,0,1,0,0,0,0,0,0,0,0,0,0,0,0,199
1011,1011,0,0,0,0,1,0,0,1,0,0,0,0,0,0,0,0,0,0,199
1012,1012,1,1,0,0,0,0,0,0,0,0,0,0,0,0,0,1,0,0,199
1013,1013,0,0,0,0,1,0,0,0,0,0,0,0,0,0,0,0,0,0,199
1014,1014,0,0,0,1,0,0,0,1,0,0,0,0,0,0,0,0,0,0,199
1015,1015,1,1,0,0,0,0,0,0,0,0,0,0,0,0,0,1,0,0,199
1016,1016,0,0,0,0,0,0,0,1,0,0,0,0,0,0,0,0,0,0,199
1017,1017,0,0,0,0,0,0,0,1,0,0,0,0,0,0,0,0,0,0,199
1018,1018,1,0,0,0,0,0,0,0,0,0,0,0,0,0,0,1,0,0,198
1019,1019,0,0,0,0,0,0,0,0,0,0,0,0,1,0,0,1,0,0,194
1020,1020,0,0,0,0,0,0,0,1,0,0,0,0,0,0,0,0,0,0,196
1021,1021,0,0,0,0,0,0,1,0,0,0,0,0,0,0,0,0,0,0,199
1022,1022,0,0,0,0,1,0,0,0,0,0,0,0,0,0,0,0,0,0,199
1023,1023,0,0,0,0,0,0,0,0,0,0,0,0,0,1,0,0,0,0,199
1024,1024,1,0,0,0,0,0,0,1,0,0,0,0,0,0,0,1,0,0,199
1025,1025,0,0,0,0,1,0,0,1,0,0,0,0,0,0,0,0,0,0,199
1026,1026,1,0,0,0,0,0,0,0,0,0,0,0,0,0,0,0,0,0,199
1027,1027,0,0,0,0,1,0,0,0,0,0,0,0,0,1,0,0,0,0,199
1028,1028,0,0,0,0,1,0,0,0,0,0,0,0,0,0,0,0,0,0,199
1029,1029,0,0,0,0,1,0,0,0,0,0,0,0,0,0,0,0,0,0,199
1030,1030,0,1,0,1,0,0,0,0,0,0,0,0,0,0,0,0,0,0,199
1031,1031,0,0,0,1,1,0,0,0,0,0,0,0,0,0,0,0,0,0,199
1032,1032,0,1,0,1,0,0,0,0,0,0,0,0,0,0,0,0,0,0,199
1033,1033,1,1,0,0,0,0,0,0,0,0,0,0,0,0,0,0,0,0,199
1034,1034,0,0,0,0,1,0,0,0,0,0,0,0,0,0,0,0,0,0,199
1035,1035,0,0,0,0,1,0,0,0,1,0,0,0,0,0,0,0,0,0,199
1036,1036,0,0,0,0,1,0,0,0,0,0,0,1,0,1,0,0,0,0,198
1037,1037,0,0,0,0,0,0,0,0,0,0,0,0,0,0,0,1,0,0,199
1038,1038,0,0,0,0,0,0,0,1,0,0,0,0,0,0,0,0,0,0,199
1039,1039,0,0,0,0,1,0,0,0,0,0,0,0,0,1,0,0,0,0,199
1040,1040,0,0,0,0,1,0,0,0,0,0,0,0,0,1,0,0,0,0,199
1041,1041,0,0,0,0,0,0,0,0,0,0,0,0,1,0,0,1,0,0,199
1042,1042,0,0,0,0,1,0,0,0,0,0,0,0,0,0,0,0,0,0,199
1043,1043,0,0,0,0,1,0,0,1,0,0,0,0,0,0,0,0,0,0,199
1044,1044,0,0,0,0,0,0,0,1,0,0,0,0,0,0,0,0,0,0,199
1045,1045,0,0,0,0,0,0,0,0,0,0,0,0,0,0,0,1,0,0,199
1046,1046,0,0,0,0,1,0,0,0,0,0,0,0,0,0,0,0,0,0,199
1047,1047,0,0,0,0,1,0,0,0,0,0,0,0,0,1,0,0,0,0,199
1048,1048,0,0,0,0,1,0,0,0,0,0,0,0,0,0,0,0,0,0,199
1049,1049,0,0,0,0,0,0,0,1,0,0,0,0,0,1,0,0,0,0,194
1050,1050,0,0,0,0,1,0,0,0,0,0,0,0,0,0,0,0,0,0,199
1051,1051,0,0,0,0,1,0,0,0,0,0,1,0,0,0,0,0,0,0,199
1052,1052,0,0,0,0,0,0,0,1,0,0,0,0,0,0,0,0,0,0,199
1053,1053,0,0,0,0,1,0,0,0,0,0,0,0,0,0,0,0,0,0,199
1054,1054,0,0,0,0,0,0,0,1,0,0,0,0,0,0,0,0,0,0,199
1055,1055,0,0,0,0,0,0,0,0,0,0,1,0,0,0,0,0,0,0,199
1056,1056,0,0,0,0,1,0,0,0,0,0,0,0,0,0,0,0,0,0,199
1057,1057,0,1,0,0,0,0,0,1,0,0,0,0,0,0,0,0,0,0,199
1058,1058,0,0,0,0,1,0,0,0,0,0,0,0,0,0,0,0,0,0,199
1059,1059,0,1,0,1,0,0,0,0,0,0,0,0,0,0,0,0,0,0,199
1060,1060,0,0,0,0,1,0,0,1,0,0,0,0,0,0,0,0,0,0,199
1061,1061,0,0,0,0,0,0,0,1,0,0,0,0,0,0,0,0,0,0,199
1062,1062,0,0,0,1,0,0,0,1,0,0,0,0,0,0,0,0,0,0,199
1063,1063,0,0,0,0,0,1,0,0,0,1,0,0,0,0,0,0,0,0,194
1064,1064,0,0,0,0,0,0,1,0,0,0,0,0,0,0,0,0,1,0,198
1065,1065,0,0,1,1,0,0,0,0,0,0,0,0,0,0,0,0,0,0,199
1066,1066,0,0,0,0,1,0,0,0,0,0,0,0,0,0,0,0,0,0,199
1067,1067,0,0,0,0,0,0,0,1,0,0,0,0,0,0,0,0,0,0,199
1068,1068,0,0,0,0,0,1,0,1,0,0,0,0,0,0,0,1,0,0,199
1069,1069,0,0,0,0,1,0,0,0,0,0,0,0,0,0,0,0,0,0,199
1070,1070,0,0,0,0,1,0,0,0,0,0,0,0,0,0,0,0,0,0,199
1071,1071,0,0,0,0,1,0,0,0,0,0,0,0,0,1,0,0,0,0,199
1072,1072,0,0,0,0,0,0,0,0,0,0,0,0,0,0,0,1,0,0,199
1073,1073,0,0,0,0,1,0,0,1,0,0,0,0,0,0,0,0,0,0,199
1074,1074,0,0,0,0,0,0,0,1,0,0,0,0,0,0,0,0,0,0,199
1075,1075,1,1,1,1,0,0,0,0,1,0,0,0,0,0,0,0,0,0,199
1076,1076,0,0,0,0,0,0,0,0,0,0,0,0,0,0,0,1,0,0,199
1077,1077,0,0,1,1,0,0,0,0,0,0,0,0,0,0,0,0,0,0,198
1078,1078,0,0,0,0,1,0,0,0,0,0,0,1,0,0,0,0,0,0,199
1079,1079,0,0,0,0,1,0,0,0,0,0,0,0,0,0,0,0,0,0,199
1080,1080,0,0,0,0,0,1,0,0,0,0,0,0,0,0,0,0,0,0,199
1081,1081,0,0,0,0,0,0,0,1,0,0,0,0,0,0,0,0,0,0,199
1082,1082,0,0,0,0,0,1,0,0,0,0,0,0,0,0,0,1,0,0,199
1083,1083,0,0,0,0,0,0,1,0,0,0,0,0,0,0,0,0,0,0,199
1084,1084,0,0,0,0,0,0,0,1,0,0,0,0,0,1,0,0,0,0,199
1085,1085,0,0,0,0,0,0,0,1,0,0,0,0,0,0,0,0,0,0,199
1086,1086,1,0,0,0,0,0,0,0,0,0,0,0,0,0,0,0,0,0,199
1087,1087,1,0,0,0,0,0,0,0,0,0,0,0,0,0,0,0,0,0,199
1088,1088,1,0,0,0,0,0,0,0,0,0,0,0,0,1,0,1,0,0,199
1089,1089,0,0,0,0,0,0,0,0,0,0,0,0,0,0,0,1,0,0,199
1090,1090,0,1,1,1,0,0,0,0,0,0,0,1,0,0,0,0,0,0,197
1091,1091,0,0,0,0,1,0,0,0,0,0,0,0,0,0,0,0,0,0,199
1092,1092,0,0,0,0,1,0,0,0,0,0,0,0,0,0,0,0,0,0,199
1093,1093,0,0,0,0,1,0,0,0,0,0,0,0,0,0,0,0,0,0,199
1094,1094,0,0,0,0,1,0,0,0,0,0,0,0,0,0,0,0,0,0,199
1095,1095,0,0,0,0,0,0,0,0,0,0,0,0,0,1,0,0,0,0,199
1096,1096,0,0,0,0,0,0,0,1,0,0,0,0,0,0,0,0,0,0,199
1097,1097,0,0,0,0,1,0,0,0,0,0,0,0,0,0,0,0,0,0,199
1098,1098,0,0,0,0,0,0,0,1,0,0,0,0,0,0,0,0,0,0,199
1099,1099,0,0,0,0,1,0,0,1,0,0,0,0,0,1,0,0,0,0,199
1100,1100,0,0,0,0,0,0,0,1,0,0,0,0,1,0,0,0,0,0,199
1101,1101,0,0,0,0,1,0,0,0,0,0,0,0,0,1,0,0,0,0,199
1102,1102,0,0,0,0,1,0,0,1,0,0,0,0,0,0,0,0,0,0,199
1103,1103,0,0,0,0,1,1,0,1,0,0,0,0,0,0,0,0,0,0,199
1104,1104,1,1,0,0,0,0,0,0,0,0,0,0,0,0,0,1,0,0,199
1105,1105,0,0,0,0,0,1,0,1,0,0,0,0,0,0,0,0,0,0,199
1106,1106,0,0,0,0,0,0,0,1,0,0,0,0,0,0,0,0,0,0,199
1107,1107,0,0,0,0,0,0,0,1,0,0,0,0,0,0,0,0,0,0,199
1108,1108,0,0,0,0,0,0,0,1,0,0,0,0,0,0,0,1,0,0,199
1109,1109,1,0,0,0,1,0,0,0,0,0,0,1,0,0,1,0,0,0,199
1110,1110,0,0,0,0,0,0,0,1,0,0,0,0,0,0,0,0,0,0,199
1111,1111,0,0,0,0,0,0,0,1,0,0,0,0,0,0,0,0,0,0,199
1112,1112,0,0,0,0,0,0,0,1,0,0,0,0,0,0,0,0,0,0,199
1113,1113,0,0,0,0,1,0,0,0,0,0,0,0,0,0,0,0,0,0,199
1114,1114,0,0,0,0,1,0,0,1,0,0,0,0,0,1,0,0,0,0,199
1115,1115,0,1,0,0,0,0,0,0,0,0,0,0,0,0,0,0,0,0,194
1116,1116,0,0,0,0,0,0,0,1,0,0,0,0,0,0,0,0,0,0,199
1117,1117,0,0,0,0,1,0,0,0,0,0,0,0,0,0,0,0,0,0,197
1118,1118,0,0,0,0,0,0,0,1,0,0,0,0,0,1,0,0,0,0,198
1119,1119,0,0,0,0,1,0,0,0,0,0,0,0,0,0,0,0,0,0,199
1120,1120,0,0,0,0,0,0,0,1,0,0,0,1,0,0,0,0,0,0,199
1121,1121,0,0,0,0,0,1,0,1,0,0,0,0,0,0,0,0,0,0,193
1122,1122,0,0,0,0,0,0,0,1,0,0,0,0,0,0,0,0,0,0,195
1123,1123,0,0,0,0,0,0,0,0,0,0,0,0,0,1,0,0,1,0,193
1124,1124,0,0,0,0,0,0,0,0,0,0,0,0,0,0,0,1,0,0,196
1125,1125,0,1,0,0,0,0,0,1,0,0,0,0,0,0,0,0,0,0,195
1126,1126,0,0,0,0,0,0,0,1,0,0,0,0,0,0,0,0,0,0,199
1127,1127,0,0,0,0,0,0,1,0,0,0,0,0,0,0,0,0,0,0,199
1128,1128,0,0,0,0,0,0,0,1,0,0,0,0,1,1,0,0,0,0,199
1129,1129,0,0,0,0,0,0,1,0,0,0,0,0,0,0,0,0,0,0,199
1130,1130,0,0,0,0,0,0,0,0,0,0,0,0,0,0,0,1,0,0,199
1131,1131,0,0,0,0,0,0,0,1,0,0,0,0,0,1,0,0,0,0,199
1132,1132,0,1,0,1,0,0,0,0,1,0,0,0,0,0,0,0,0,0,197
1133,1133,0,0,0,0,0,0,0,1,0,0,0,0,0,0,0,0,0,0,199
1134,1134,0,0,0,0,0,0,0,1,0,0,0,1,0,0,0,0,0,0,199
1135,1135,0,0,0,0,0,0,0,1,0,0,0,0,0,0,0,0,0,0,199
1136,1136,0,0,0,0,0,0,0,1,0,0,0,0,0,1,0,0,0,0,199
1137,1137,1,0,0,0,1,1,0,1,0,0,0,0,0,0,0,0,0,0,199
1138,1138,1,0,0,0,0,1,0,0,0,0,0,0,0,0,0,1,0,0,199
1139,1139,0,0,0,0,1,0,0,0,0,0,0,0,0,0,0,0,0,0,199
1140,1140,0,0,0,0,0,0,1,0,0,0,0,0,0,0,0,0,0,0,199
1141,1141,0,0,0,0,0,0,1,0,0,0,0,0,0,0,0,0,0,0,199
1142,1142,0,0,0,0,0,1,0,0,0,0,0,0,0,0,0,1,0,0,199
1143,1143,0,0,0,0,0,0,0,1,0,0,0,0,0,0,0,0,0,0,199
1144,1144,0,0,0,0,0,0,0,1,0,0,0,0,0,0,0,0,0,0,199
1145,1145,0,0,0,0,0,0,0,1,0,0,0,0,0,0,0,0,0,0,199
1146,1146,0,0,0,0,0,0,0,1,0,0,0,0,0,0,0,0,0,0,199
1147,1147,0,0,0,0,0,0,0,1,0,0,0,0,0,0,0,0,0,0,199
1148,1148,0,0,0,0,0,0,0,1,0,0,0,0,0,0,0,0,0,0,197
1149,1149,0,0,0,0,0,0,0,1,0,0,0,0,0,0,0,0,0,0,199
1150,1150,0,0,0,0,0,1,0,0,0,0,0,0,0,0,0,0,0,0,199
1151,1151,0,0,0,0,0,0,0,0,0,0,0,0,0,1,0,0,1,0,199
1152,1152,0,0,0,0,0,0,0,1,0,0,0,1,0,0,0,0,0,0,199
1153,1153,0,0,0,0,0,0,0,0,0,0,0,0,0,0,1,0,0,0,196
1154,1154,0,0,0,0,1,0,0,0,0,0,0,0,0,1,0,0,0,0,199
1155,1155,0,0,0,0,0,1,0,1,0,0,0,0,0,0,0,0,0,0,199
1156,1156,0,0,0,0,0,0,0,0,0,0,1,0,0,0,0,0,0,0,199
1157,1157,0,0,0,0,0,0,0,1,0,0,0,0,0,0,0,0,0,0,199
1158,1158,0,0,0,0,0,0,0,0,0,0,0,0,1,0,1,0,0,0,197
1159,1159,0,0,0,0,0,0,0,1,0,0,0,0,0,1,0,0,0,0,199
1160,1160,1,0,0,0,0,0,0,1,0,0,0,0,0,0,0,0,0,0,199
1161,1161,0,0,0,0,1,0,0,0,0,0,0,0,0,0,0,0,0,0,199
1162,1162,0,0,0,0,0,0,0,1,0,0,0,0,0,0,0,0,0,0,199
1163,1163,0,0,0,1,0,0,0,0,0,0,0,0,0,0,0,0,0,0,199
1164,1164,0,0,0,0,1,0,0,1,0,0,0,0,0,0,0,0,0,0,199
1165,1165,0,0,0,0,1,0,0,0,0,0,0,0,0,0,0,0,0,0,199
1166,1166,0,0,0,0,1,0,0,0,0,0,0,0,0,0,0,0,0,0,199
1167,1167,0,0,0,0,0,0,0,1,0,0,0,0,0,0,0,0,0,0,199
1168,1168,0,0,0,0,0,0,0,1,0,0,0,0,0,0,0,0,0,0,199
1169,1169,0,0,0,0,1,0,0,1,0,0,0,0,0,0,0,0,0,0,199
1170,1170,0,0,0,0,0,0,0,1,0,0,0,0,0,0,0,0,0,0,199
1171,1171,0,0,0,0,1,0,0,0,0,0,0,0,0,0,0,0,0,0,193
1172,1172,0,0,0,0,0,0,0,1,0,0,0,0,0,1,0,0,0,0,199
1173,1173,0,0,0,0,0,0,0,1,0,0,0,0,0,0,0,1,0,0,199
1174,1174,0,0,0,0,0,0,0,0,0,0,0,0,0,1,0,0,0,0,199
1175,1175,0,0,0,0,0,0,0,1,0,0,0,0,0,0,0,0,1,0,199
1176,1176,0,0,0,0,1,0,0,0,0,0,0,0,0,0,0,0,0,0,199
1177,1177,0,0,0,0,1,0,0,0,0,0,0,0,0,0,0,0,0,0,199
1178,1178,0,0,0,0,1,0,0,0,0,0,0,0,0,0,0,0,0,0,199
1179,1179,1,0,0,0,1,0,0,0,0,0,0,0,0,0,0,0,0,0,199
1180,1180,1,0,0,0,1,0,0,0,0,0,0,0,0,0,0,0,0,0,199
1181,1181,0,0,0,0,1,0,0,0,0,0,0,0,0,0,0,0,0,0,199
1182,1182,1,0,0,0,1,0,0,0,0,0,0,0,0,0,0,0,0,0,199
1183,1183,0,0,0,0,0,0,1,0,0,0,0,0,0,0,0,0,0,0,199
1184,1184,0,0,0,0,1,0,0,0,0,0,0,0,0,0,0,0,1,0,199
1185,1185,0,0,0,0,1,0,0,1,0,0,0,0,0,0,0,0,0,0,199
1186,1186,0,0,0,0,0,1,0,0,0,0,0,0,0,0,0,0,0,0,197
1187,1187,1,0,0,0,1,0,0,0,0,0,0,0,0,0,0,0,0,1,199
1188,1188,0,0,0,0,0,0,0,1,0,0,0,0,0,0,0,0,0,0,199
1189,1189,0,0,0,0,1,0,0,0,0,0,0,0,0,1,0,0,0,0,199
1190,1190,0,0,0,0,0,1,0,1,0,0,0,0,0,0,0,0,0,0,199
1191,1191,0,0,0,0,0,0,0,1,0,0,0,0,0,0,0,0,0,0,199
1192,1192,0,0,0,0,0,0,0,1,0,0,0,0,0,0,0,0,0,0,199
1193,1193,0,0,0,0,0,1,0,1,0,0,0,0,0,0,0,0,0,0,199
1194,1194,0,0,0,0,0,0,0,1,0,0,0,0,0,0,0,0,0,0,199
1195,1195,0,0,0,0,0,0,0,1,0,0,0,0,0,0,0,0,0,0,199
1196,1196,0,0,0,0,1,0,0,1,0,0,0,0,0,0,0,0,0,0,199
1197,1197,0,0,0,0,0,1,0,0,0,0,0,0,0,0,0,1,0,0,196
1198,1198,0,0,0,0,1,0,0,0,0,0,1,0,0,0,0,0,0,0,199
1199,1199,0,0,0,1,0,0,0,1,0,0,0,0,0,0,0,0,0,0,195
1200,1200,0,0,0,0,0,0,1,0,0,0,0,0,0,0,0,0,0,0,199
1201,1201,0,0,0,0,1,0,0,0,0,0,0,0,0,0,0,0,0,0,199
1202,1202,0,0,0,0,1,0,0,0,0,0,0,1,0,1,0,0,0,0,193
1203,1203,0,0,0,0,1,0,0,1,0,0,0,0,0,0,0,0,1,0,194
1204,1204,0,0,0,0,0,0,0,1,0,0,0,0,0,0,0,0,0,0,199
1205,1205,0,0,0,0,1,0,0,0,0,0,0,0,0,0,0,0,0,0,199
1206,1206,0,0,0,0,0,0,0,0,0,0,0,0,0,0,0,1,0,0,199
1207,1207,0,0,0,0,0,1,0,1,0,0,0,0,0,0,0,1,0,0,199
1208,1208,0,0,0,0,1,0,0,0,0,0,0,0,0,0,0,0,0,0,199
1209,1209,0,0,0,0,0,0,0,0,0,0,0,0,0,0,1,1,0,0,199
1210,1210,0,0,0,0,0,0,0,1,0,0,0,0,0,1,0,0,0,0,199
1211,1211,0,0,0,0,0,0,0,1,0,0,0,0,1,1,0,0,0,0,199
1212,1212,0,0,0,0,0,1,0,1,0,0,0,0,0,0,0,1,0,0,199
1213,1213,0,0,0,0,0,0,0,1,0,0,0,0,0,0,0,0,0,0,197
1214,1214,1,0,0,0,0,0,0,0,0,0,0,0,0,0,1,0,0,0,199
1215,1215,0,0,0,0,0,0,0,0,0,0,0,0,0,1,0,0,0,0,199
1216,1216,0,0,0,0,0,0,0,0,0,0,0,0,0,0,0,1,0,0,199
1217,1217,0,0,0,0,1,0,0,0,0,0,0,0,0,0,0,0,0,0,199
1218,1218,0,0,1,1,1,0,0,0,0,0,0,0,0,1,0,0,0,0,199
1219,1219,0,0,0,0,0,0,0,1,0,0,0,0,0,0,0,0,0,0,199
1220,1220,0,0,0,0,0,0,0,1,0,0,0,0,0,0,0,0,0,0,199
1221,1221,1,0,0,0,0,0,0,0,0,0,0,0,0,0,0,0,0,0,199
1222,1222,0,0,0,0,0,0,0,1,0,0,0,0,0,0,0,0,0,0,199
1223,1223,0,0,0,0,0,0,0,1,0,0,0,0,0,0,0,0,0,0,199
1224,1224,0,0,0,0,1,0,0,0,0,0,0,0,0,0,0,0,0,0,199
1225,1225,0,0,0,0,0,1,0,1,0,0,0,0,0,0,0,0,0,0,199
1226,1226,0,0,0,0,0,0,0,1,0,0,0,0,0,0,0,0,0,0,199
1227,1227,1,0,0,0,0,0,0,0,0,0,0,0,0,0,0,0,0,0,199
1228,1228,0,0,0,0,0,0,0,1,0,0,0,0,0,0,0,1,0,0,199
1229,1229,0,0,0,0,1,0,0,0,0,0,0,0,0,0,0,0,0,0,199
1230,1230,1,0,0,0,0,0,0,1,0,0,0,0,0,0,0,0,0,0,199
1231,1231,0,0,0,0,0,0,1,0,0,0,0,0,0,0,0,0,0,0,199
1232,1232,0,0,0,0,0,0,0,1,0,0,0,0,0,0,0,0,0,0,199
1233,1233,0,0,0,0,1,0,0,0,0,0,0,0,0,0,0,0,0,0,199
1234,1234,0,0,0,0,0,1,0,0,0,0,0,0,0,0,0,0,0,0,199
1235,1235,0,0,0,0,0,0,0,1,0,0,0,0,0,0,0,0,0,0,199
1236,1236,0,0,0,0,1,0,0,1,0,0,0,0,0,0,0,0,0,0,199
1237,1237,0,0,0,0,0,0,0,1,0,0,0,0,0,0,0,0,0,0,199
1238,1238,1,1,0,0,0,0,0,0,0,0,0,0,0,1,0,0,0,0,199
1239,1239,0,0,1,0,0,0,0,0,0,0,0,0,0,0,1,0,0,0,199
1240,1240,0,0,0,0,1,0,0,1,0,0,0,0,0,0,0,0,0,0,199
1241,1241,0,0,0,0,1,0,0,0,0,0,0,0,0,0,0,0,0,0,199
1242,1242,0,0,0,0,0,0,0,0,0,0,1,0,0,0,0,0,0,0,199
1243,1243,1,0,0,0,0,0,0,0,0,0,0,0,0,0,0,0,0,0,199
1244,1244,0,0,0,0,0,1,0,0,0,0,0,0,0,0,0,0,0,0,199
1245,1245,0,0,0,0,1,0,0,0,0,0,0,0,0,0,0,0,0,0,199
1246,1246,0,0,0,0,0,0,0,0,0,0,0,0,0,0,0,0,0,1,199
1247,1247,0,0,0,0,0,0,0,0,0,0,0,0,0,0,0,1,0,0,199
1248,1248,0,0,0,0,1,0,0,0,0,0,0,0,0,0,0,0,0,0,199
1249,1249,1,0,0,0,0,0,0,0,0,0,0,0,0,0,0,0,0,0,199
1250,1250,0,0,0,0,1,0,0,0,0,0,0,0,0,0,0,0,0,0,199
1251,1251,0,0,0,0,0,0,0,1,0,0,0,0,0,0,0,0,0,0,199
1252,1252,0,0,0,0,0,0,0,0,0,0,0,0,0,0,0,1,0,0,199
1253,1253,0,0,0,0,1,0,0,0,0,0,0,0,0,0,0,0,0,0,199
1254,1254,0,0,0,0,0,0,0,1,0,0,0,0,0,0,0,0,0,0,199
1255,1255,0,0,0,0,0,0,0,1,0,0,0,0,0,0,0,0,0,0,199
1256,1256,0,0,0,0,0,0,0,1,0,0,0,0,0,0,0,0,0,0,199
1257,1257,0,0,0,0,1,0,0,0,0,0,0,0,0,1,0,0,0,0,199
1258,1258,0,0,0,0,1,0,0,0,0,0,0,0,0,1,0,0,0,0,199
1259,1259,0,0,0,0,0,0,0,1,0,0,0,0,0,0,0,0,0,0,199
1260,1260,0,0,0,0,0,0,0,1,0,0,0,0,0,0,0,0,0,0,199
1261,1261,0,0,0,0,0,0,0,0,0,0,0,0,0,1,0,0,0,0,199
1262,1262,0,0,0,0,0,0,0,1,0,0,0,0,0,0,0,0,0,0,199
1263,1263,0,0,0,0,0,0,0,1,0,0,0,0,0,0,0,0,0,0,199
1264,1264,0,0,0,0,0,0,0,1,0,0,0,0,0,0,0,0,0,0,199
1265,1265,0,0,0,0,0,0,0,1,0,0,0,0,0,0,0,0,0,0,197
1266,1266,0,0,0,0,0,0,0,1,0,0,0,0,0,0,0,0,0,0,199
1267,1267,0,0,0,0,0,0,0,1,0,0,0,0,0,0,0,0,0,0,199
1268,1268,0,0,0,0,1,0,0,0,0,0,0,0,0,1,0,0,0,0,195
1269,1269,0,0,0,0,1,0,0,0,0,0,0,0,0,0,0,0,0,0,199
1270,1270,0,0,0,0,1,0,0,0,0,0,0,0,0,0,0,0,0,0,199
1271,1271,0,0,0,0,1,0,0,1,0,0,0,0,0,0,0,0,0,0,199
1272,1272,0,0,0,0,0,0,0,1,0,0,0,0,0,0,0,1,0,0,199
1273,1273,0,0,0,0,0,0,0,0,0,0,0,0,0,0,1,1,0,0,199
1274,1274,0,0,0,0,0,0,0,0,0,0,0,0,0,0,0,1,0,0,199
1275,1275,0,0,0,0,0,0,0,1,0,0,0,0,0,0,0,0,0,0,199
1276,1276,1,0,0,0,0,1,0,0,0,0,0,0,0,0,0,0,0,0,199
1277,1277,0,0,0,0,0,0,0,1,0,0,0,1,0,0,0,0,0,0,199
1278,1278,0,1,0,1,0,0,0,0,0,0,0,0,0,0,0,0,0,0,199
1279,1279,0,0,0,0,0,1,0,0,0,0,0,0,0,0,0,0,0,0,199
1280,1280,0,0,0,0,0,0,0,1,0,0,0,0,0,0,0,0,0,0,199
1281,1281,0,0,0,0,0,0,0,1,0,0,0,0,0,0,0,0,0,0,199
1282,1282,0,0,0,0,1,0,0,0,0,0,0,0,0,0,0,0,0,0,199
1283,1283,0,0,0,0,0,0,0,1,0,0,0,0,1,0,0,0,0,0,199
1284,1284,0,0,0,0,0,0,0,1,0,0,0,0,0,0,0,0,0,0,199
1285,1285,0,0,0,0,1,0,0,0,0,0,0,1,0,1,0,0,0,0,193
1286,1286,0,0,0,0,1,0,0,0,0,0,0,0,0,0,0,0,0,0,199
1287,1287,0,0,0,0,1,0,0,0,0,0,0,0,0,0,0,0,0,0,199
1288,1288,0,0,0,0,0,0,0,0,0,0,0,0,0,1,0,0,0,0,199
1289,1289,0,0,0,0,0,0,0,1,0,0,0,0,0,1,0,0,0,0,199
1290,1290,0,0,0,0,1,0,0,0,0,0,0,0,0,0,0,0,0,0,199
1291,1291,0,0,0,1,0,0,0,0,1,0,0,0,0,0,0,0,0,0,199
1292,1292,0,1,0,1,0,0,0,0,1,0,0,0,0,0,1,0,0,0,199
1293,1293,0,0,0,0,0,0,1,0,0,0,0,0,0,0,0,0,0,0,199
1294,1294,0,0,0,0,1,0,0,1,0,0,0,0,0,0,0,0,0,0,199
1295,1295,0,0,0,0,1,0,0,1,0,0,0,0,0,0,0,0,0,0,199
1296,1296,0,0,0,0,0,0,0,1,0,0,0,0,0,1,0,0,0,0,199
1297,1297,0,0,0,0,1,0,0,0,0,0,0,1,0,0,0,0,0,0,195
1298,1298,0,0,0,0,0,0,0,1,0,0,0,0,0,1,0,0,0,0,194
1299,1299,0,0,0,0,0,0,0,1,0,0,0,0,0,1,0,0,0,0,199
1300,1300,0,0,0,0,1,0,0,0,0,0,0,0,0,0,0,0,0,0,198
1301,1301,0,0,0,0,1,0,0,0,0,0,0,0,0,0,0,0,0,0,199
1302,1302,1,0,0,0,0,0,0,0,0,0,0,0,0,0,0,0,0,0,199
1303,1303,1,0,0,0,0,1,0,0,0,0,0,0,0,0,0,0,0,0,199
1304,1304,0,0,0,0,1,0,0,0,0,0,0,0,0,0,0,0,0,0,199
1305,1305,0,0,0,0,0,0,0,1,0,0,0,0,0,0,0,0,0,0,199
1306,1306,0,0,0,0,0,0,1,0,0,0,0,0,0,0,0,0,0,0,199
1307,1307,0,0,0,0,1,0,0,1,0,0,0,0,0,0,0,0,0,0,199
1308,1308,0,0,0,0,0,0,0,1,0,0,0,0,0,0,0,0,0,0,197
1309,1309,0,0,0,0,0,0,0,1,0,0,0,0,0,0,0,0,0,0,194
1310,1310,0,0,0,0,1,0,0,1,0,0,0,0,0,0,0,0,0,0,199
1311,1311,0,0,0,0,1,0,0,1,0,0,0,0,0,0,0,0,0,0,199
1312,1312,0,0,0,0,0,0,0,0,0,1,0,0,1,0,0,1,0,0,199
1313,1313,1,1,0,0,0,0,0,0,0,0,0,0,0,0,0,1,0,0,199
1314,1314,0,0,0,0,0,0,0,1,0,0,0,0,0,1,0,0,0,0,199
1315,1315,0,0,0,0,0,0,0,1,0,0,0,0,0,0,0,0,0,0,199
1316,1316,0,0,0,0,0,0,0,1,0,0,0,0,0,0,0,0,0,0,199
1317,1317,0,0,0,0,0,0,1,0,0,0,0,0,0,0,0,0,0,0,199
1318,1318,0,0,0,0,0,0,0,1,0,0,0,0,0,0,0,0,0,0,199
1319,1319,0,0,0,0,0,0,0,1,0,0,0,0,0,0,0,0,0,0,199
1320,1320,0,0,0,0,1,0,0,0,0,0,0,0,0,0,0,0,0,0,199
1321,1321,0,0,0,0,1,0,0,0,0,0,0,0,0,0,0,0,0,0,199
1322,1322,0,0,0,0,0,0,0,1,0,0,0,0,0,0,0,0,0,0,199
1323,1323,0,0,0,0,0,0,0,1,0,0,0,0,0,0,0,1,0,0,199
1324,1324,0,0,0,0,0,0,0,1,0,0,0,0,0,0,0,0,0,0,199
1325,1325,0,0,0,0,0,0,0,1,0,0,0,0,0,0,0,0,0,0,199
1326,1326,0,0,0,0,0,0,0,1,0,0,0,0,0,0,0,0,0,0,199
1327,1327,0,0,0,0,0,0,0,1,0,0,0,0,0,0,0,0,0,0,199
1328,1328,0,0,0,0,0,0,0,1,0,0,0,0,0,0,0,0,0,0,199
1329,1329,0,0,0,0,0,0,0,1,0,0,0,0,0,0,0,0,0,0,199
1330,1330,0,0,0,0,0,0,1,0,0,0,0,0,0,0,0,0,0,0,199
1331,1331,0,0,0,0,0,0,0,1,0,0,0,0,0,0,0,0,0,0,199
1332,1332,0,0,0,0,1,0,0,1,0,0,0,0,0,0,0,0,0,0,199
1333,1333,0,0,0,0,0,0,0,1,0,0,0,0,0,0,0,0,0,0,199
1334,1334,0,0,0,0,0,0,0,1,0,0,0,0,0,0,0,0,0,0,199
1335,1335,0,0,0,1,1,0,0,0,1,0,0,0,0,0,0,0,0,0,199
1336,1336,0,0,0,0,1,0,0,0,0,0,0,0,0,0,0,0,0,0,199
1337,1337,0,0,0,0,0,0,0,1,0,0,0,0,0,0,0,0,0,0,199
1338,1338,0,0,0,0,1,0,0,1,0,0,0,0,0,0,0,0,0,0,199
1339,1339,0,0,0,0,0,0,0,0,0,0,0,0,0,1,0,0,0,0,199
1340,1340,0,0,0,0,0,0,0,1,0,0,0,0,0,0,0,0,0,0,199
1341,1341,0,0,0,0,0,0,0,1,0,0,0,0,0,0,0,0,0,0,199
1342,1342,0,0,0,0,0,0,0,1,0,0,0,0,0,0,0,0,0,0,199
1343,1343,0,0,0,0,0,0,0,1,0,0,0,0,0,0,0,0,0,0,199
1344,1344,0,0,0,0,0,0,0,1,0,0,0,0,0,0,0,0,0,0,199
1345,1345,0,0,0,0,0,0,0,1,0,0,0,0,0,0,0,0,0,0,199
1346,1346,0,0,0,0,0,0,0,1,0,0,0,0,0,0,0,0,0,0,195
1347,1347,0,0,0,0,0,0,0,1,0,0,0,0,0,0,0,0,0,0,199
1348,1348,0,0,0,0,1,0,0,0,0,0,0,0,0,0,0,0,0,0,199
1349,1349,0,0,0,0,0,0,0,1,0,0,0,0,0,0,0,0,0,0,194
1350,1350,0,0,0,0,1,0,0,0,0,0,0,0,0,0,0,0,0,0,199
1351,1351,0,0,0,0,0,0,0,1,0,0,0,0,0,0,0,0,0,0,197
1352,1352,0,0,0,0,0,0,0,0,0,0,0,0,0,1,0,0,0,0,199
1353,1353,0,0,0,0,0,0,0,1,0,0,0,0,0,0,0,0,0,0,199
1354,1354,0,0,0,0,0,0,0,1,0,0,0,0,0,0,0,0,0,0,199
1355,1355,0,0,0,0,1,0,0,0,0,0,0,0,0,0,0,0,0,0,199
1356,1356,0,0,0,0,0,0,0,0,0,0,0,0,0,1,0,0,1,0,199
1357,1357,1,0,0,0,0,0,0,0,0,0,0,0,0,0,0,0,0,0,199
1358,1358,0,0,0,0,0,0,0,1,0,0,0,0,0,0,0,0,0,0,199
1359,1359,0,0,0,0,1,0,0,0,0,0,0,0,0,0,0,0,0,0,199
1360,1360,0,0,0,0,1,0,0,0,0,0,0,0,0,0,0,0,0,0,199
1361,1361,1,0,0,0,0,0,0,0,0,0,0,0,0,0,0,0,0,0,199
1362,1362,0,0,0,0,0,0,1,0,0,0,0,0,0,0,0,0,0,0,199
1363,1363,1,0,0,0,0,0,0,0,0,0,0,0,0,0,0,0,0,0,199
1364,1364,1,0,0,0,0,0,0,1,0,0,0,0,0,0,0,0,0,0,199
1365,1365,0,0,0,0,0,0,1,1,0,0,0,0,0,0,0,0,0,0,199
1366,1366,0,0,1,0,0,0,0,0,0,0,0,0,0,0,0,0,0,0,199
1367,1367,0,0,0,0,0,0,0,1,0,0,0,0,0,0,0,0,0,0,199
1368,1368,0,0,0,0,0,0,0,1,0,0,0,0,0,0,0,0,0,0,195
1369,1369,0,0,0,0,0,0,0,1,0,0,0,0,0,0,0,1,0,0,199
1370,1370,0,0,0,0,1,0,0,0,0,0,1,0,0,0,0,0,0,0,199
1371,1371,1,0,0,0,0,0,0,0,0,0,0,0,0,0,0,0,0,0,199
1372,1372,0,0,0,0,0,0,0,0,0,0,0,0,0,0,0,0,0,0,197
1373,1373,0,0,0,0,1,0,0,0,0,0,0,0,0,0,0,0,0,0,198
1374,1374,0,0,0,0,0,0,0,1,0,0,0,0,0,0,0,0,0,0,199
1375,1375,0,0,0,0,1,0,0,0,0,0,0,0,0,0,0,0,0,0,199
1376,1376,0,0,0,0,1,0,0,0,0,0,0,0,0,1,0,0,0,0,199
1377,1377,0,0,0,0,0,0,1,0,0,0,0,0,0,0,0,0,0,0,199
1378,1378,0,0,0,0,0,0,0,0,0,0,0,0,0,1,0,0,0,0,199
1379,1379,0,0,0,0,0,0,0,1,0,0,0,0,0,0,0,0,0,0,199
1380,1380,0,0,0,0,0,0,0,1,0,0,0,0,0,0,0,0,0,0,199
1381,1381,0,0,0,0,0,0,0,1,0,0,0,0,0,0,0,0,0,0,199
1382,1382,0,1,0,1,0,0,0,0,0,0,0,0,0,0,0,0,0,0,199
1383,1383,0,0,0,0,0,0,0,1,0,0,0,0,0,0,0,0,0,0,199
1384,1384,0,0,0,0,1,0,0,0,0,0,0,0,0,1,0,0,0,0,199
1385,1385,0,0,0,0,0,0,0,0,0,0,0,0,0,0,1,0,0,0,199
1386,1386,0,0,0,0,0,0,0,0,0,0,0,0,0,1,0,0,0,0,199
1387,1387,0,0,0,0,0,0,0,1,0,0,0,0,0,0,0,0,0,0,199
1388,1388,0,0,0,0,0,0,0,1,0,0,0,0,0,0,0,0,0,0,199
1389,1389,0,0,0,0,0,1,0,0,0,0,0,0,0,0,0,0,0,0,199
1390,1390,0,0,0,0,0,0,0,1,0,0,0,0,0,0,0,0,0,0,199
1391,1391,0,0,0,0,0,0,0,1,0,0,0,0,0,0,0,0,0,0,199
1392,1392,1,0,0,0,0,0,0,0,0,0,0,0,0,0,0,1,0,0,199
1393,1393,0,0,0,0,0,0,0,0,0,0,0,0,0,1,0,0,0,0,199
1394,1394,0,0,0,0,0,0,0,1,0,0,0,0,0,0,0,0,0,0,199
1395,1395,0,0,0,0,0,0,0,1,0,0,0,0,0,0,0,0,0,0,199
1396,1396,0,0,0,0,0,0,0,1,0,0,0,0,0,0,0,0,0,0,193
1397,1397,0,0,0,0,0,0,0,1,0,0,0,0,0,0,0,0,0,0,199
1398,1398,0,0,0,0,0,0,0,0,0,0,0,0,0,0,0,1,0,0,199
1399,1399,0,0,0,0,0,0,0,1,0,0,0,0,0,1,0,0,0,0,199
1400,1400,0,0,0,0,0,0,0,1,0,0,0,0,0,0,0,0,0,0,199
1401,1401,0,0,0,0,0,0,0,1,0,0,0,0,0,0,0,0,0,0,199
1402,1402,0,0,0,0,1,0,0,1,0,0,0,0,0,0,0,0,0,0,199
1403,1403,0,0,0,0,1,0,0,0,0,0,0,0,0,0,0,0,0,0,198
1404,1404,0,0,0,0,0,0,0,1,0,0,0,0,0,0,0,0,0,0,199
1405,1405,0,0,0,0,0,0,0,1,0,0,0,0,0,1,0,0,0,0,199
1406,1406,1,0,0,0,0,0,0,0,0,0,0,0,0,0,0,0,0,0,199
1407,1407,0,0,0,0,1,0,0,0,0,0,0,0,0,0,0,0,0,0,199
1408,1408,0,0,1,1,0,0,0,0,0,0,0,0,0,0,0,0,0,0,199
1409,1409,0,0,0,0,0,0,0,1,0,0,0,0,0,0,0,0,0,0,199
1410,1410,0,1,0,0,0,0,0,0,0,0,0,0,0,0,1,0,0,0,196
1411,1411,0,0,1,1,0,0,0,0,0,0,0,0,0,0,0,0,0,0,199
1412,1412,1,0,0,0,0,0,0,0,0,0,0,0,0,0,0,0,0,0,199
1413,1413,1,0,0,0,0,0,0,0,0,0,0,0,0,0,0,0,0,0,199
1414,1414,1,0,0,1,0,0,0,0,0,0,0,0,0,0,0,0,0,0,199
1415,1415,1,0,0,0,0,0,0,0,0,0,0,0,0,0,1,0,0,0,199
1416,1416,0,0,0,0,0,0,0,1,0,0,0,0,0,0,0,0,0,0,199
1417,1417,0,0,0,0,0,0,0,1,0,0,0,0,0,0,0,0,0,0,199
1418,1418,1,0,0,0,0,0,0,0,0,0,0,0,0,0,1,0,0,0,199
1419,1419,0,0,0,0,1,0,0,0,0,0,0,0,0,0,0,0,0,0,199
1420,1420,0,0,0,0,0,0,0,1,0,0,0,0,0,0,0,0,0,0,199
1421,1421,0,0,0,0,0,0,0,0,0,1,0,0,0,0,0,1,0,0,199
1422,1422,0,0,0,0,0,0,0,1,0,0,0,0,0,0,0,0,1,0,199
1423,1423,0,0,0,0,1,0,0,1,0,0,0,0,0,1,0,0,0,0,199
1424,1424,0,0,0,0,1,0,0,1,0,0,0,0,0,0,0,0,0,0,199
1425,1425,0,0,0,0,1,0,0,1,0,0,0,0,0,0,0,0,0,0,199
1426,1426,0,0,0,0,0,0,0,1,0,0,0,0,0,0,0,0,0,0,199
1427,1427,0,0,0,0,1,0,0,0,0,0,0,0,0,0,0,0,0,0,199
1428,1428,0,0,0,0,0,0,0,1,0,0,0,0,0,1,0,0,0,0,199
1429,1429,0,0,0,0,0,0,0,1,0,0,0,0,0,0,0,0,0,0,199
1430,1430,0,0,0,0,0,0,0,0,0,0,0,0,0,0,0,1,0,0,199
1431,1431,0,0,0,0,0,0,0,1,0,0,0,0,0,0,0,0,0,0,199
1432,1432,1,0,0,0,0,0,0,1,0,0,0,0,0,0,0,0,0,0,199
1433,1433,0,0,0,0,0,0,0,0,0,0,0,0,0,1,0,0,0,0,199
1434,1434,0,0,0,0,1,0,0,0,0,0,0,0,0,0,0,0,0,0,199
1435,1435,0,0,0,0,0,0,0,1,0,0,0,0,0,1,0,0,0,0,199
1436,1436,0,0,0,0,1,0,0,0,0,0,0,0,0,0,0,0,0,0,199
1437,1437,0,0,0,0,0,0,0,1,0,0,0,0,0,0,0,0,0,0,199
1438,1438,0,0,0,0,0,1,0,1,0,0,0,0,0,0,0,0,0,0,199
1439,1439,0,0,0,0,0,0,0,1,0,0,0,0,0,0,0,0,0,0,199
1440,1440,0,0,0,0,0,0,0,1,0,0,0,0,0,1,0,0,0,0,199
1441,1441,0,0,0,0,0,0,0,1,0,0,0,0,0,0,0,0,0,0,199
1442,1442,0,0,0,0,0,0,0,1,0,0,0,0,0,0,0,0,0,0,199
1443,1443,0,0,0,1,1,0,0,0,0,0,0,0,1,0,0,0,0,0,196
1444,1444,0,0,0,0,0,0,0,1,0,0,0,0,0,0,0,0,0,0,199
1445,1445,0,0,0,0,1,0,0,0,0,0,0,0,0,0,0,0,0,0,199
1446,1446,0,0,0,0,0,0,0,1,0,0,0,0,0,0,0,0,0,0,199
1447,1447,0,0,0,0,0,0,0,1,0,0,0,0,0,0,0,0,0,0,199
1448,1448,0,0,0,0,0,0,0,1,0,0,0,0,0,0,0,0,0,0,199
1449,1449,0,1,0,0,0,0,0,0,0,0,0,0,0,1,0,0,0,0,194
1450,1450,0,0,0,0,0,0,0,0,0,0,0,0,0,0,0,1,0,0,194
1451,1451,0,0,0,0,1,0,0,0,0,0,0,0,1,0,0,0,0,0,194
1452,1452,0,0,0,0,0,1,0,1,0,0,0,0,0,0,0,0,0,0,194
1453,1453,0,0,0,0,0,0,0,0,0,0,0,0,0,0,0,0,0,1,194
1454,1454,0,0,0,0,0,0,0,0,0,0,0,0,0,0,0,0,0,1,194
1455,1455,0,0,0,0,1,0,0,1,0,0,0,0,0,0,0,0,0,0,195
1456,1456,0,0,0,0,1,0,0,1,0,0,0,0,0,0,0,0,0,0,199
1457,1457,0,0,0,0,1,0,0,0,0,0,0,1,0,1,0,0,0,0,193
1458,1458,0,0,0,0,0,0,0,0,0,0,0,1,0,0,0,0,0,0,199
1459,1459,0,0,0,0,1,0,0,1,0,0,0,0,0,0,0,0,0,0,199
1460,1460,0,0,0,0,1,0,0,0,0,0,0,0,0,0,0,0,0,0,193
1461,1461,0,0,0,0,0,1,0,1,0,0,0,0,0,1,0,0,0,0,199
1462,1462,0,0,0,0,1,0,0,0,0,0,0,0,0,0,0,0,0,0,199
1463,1463,0,0,0,0,0,0,0,1,0,0,0,0,0,0,0,0,0,0,199
1464,1464,0,0,0,0,1,0,0,1,0,0,0,0,0,0,0,0,0,0,199
1465,1465,0,0,0,0,0,0,0,1,0,0,0,0,0,0,0,0,0,0,199
1466,1466,0,0,0,0,0,0,0,1,0,0,0,0,0,0,0,0,0,0,199
1467,1467,0,0,0,0,0,0,0,1,0,0,0,0,0,0,0,0,0,0,199
1468,1468,0,1,0,1,0,0,0,0,0,0,0,0,0,0,0,0,0,0,199
1469,1469,0,0,1,1,0,0,0,0,0,0,0,0,0,0,0,0,0,0,199
1470,1470,0,0,0,0,0,0,0,0,0,0,0,0,0,0,0,1,0,0,199
1471,1471,0,0,0,0,1,0,0,0,0,0,0,0,0,0,1,0,0,0,199
1472,1472,0,0,0,1,0,0,0,1,0,0,0,0,0,0,0,0,0,0,193
1473,1473,0,0,0,0,1,0,0,0,0,0,0,0,0,1,0,0,0,0,199
1474,1474,0,0,0,0,1,0,0,1,0,0,0,0,0,0,0,0,0,0,199
1475,1475,0,0,0,0,0,0,0,0,0,1,0,0,0,0,0,0,0,0,194
1476,1476,0,0,0,0,0,0,0,0,0,0,1,0,0,0,0,1,0,0,199
1477,1477,1,0,0,0,0,1,0,1,0,0,0,0,0,0,0,0,0,0,199
1478,1478,0,0,0,0,1,0,0,0,0,0,0,0,0,0,0,0,0,0,199
1479,1479,0,1,0,1,1,0,0,0,0,0,0,0,0,0,0,0,0,0,197
1480,1480,0,0,0,0,0,0,0,1,0,0,0,0,0,0,0,0,0,0,199
1481,1481,0,0,0,0,0,0,1,0,0,0,0,0,0,0,0,0,0,0,199
1482,1482,1,0,0,0,0,0,0,1,0,0,0,0,0,1,0,0,0,0,199
1483,1483,1,0,0,0,1,0,0,0,0,0,0,0,0,0,0,0,0,0,199
1484,1484,0,0,0,0,0,0,0,1,0,0,0,0,0,1,0,0,1,0,199
1485,1485,0,0,0,0,0,0,0,1,0,0,0,0,0,0,0,0,0,0,199
1486,1486,0,0,0,0,1,0,0,0,0,0,0,0,0,1,0,0,0,0,199
1487,1487,0,0,0,0,0,0,0,1,0,0,0,0,0,0,0,0,0,0,199
1488,1488,0,0,0,0,1,0,0,0,0,0,0,0,0,0,0,0,0,0,199
1489,1489,0,0,0,0,1,0,0,0,0,0,0,0,0,0,0,0,0,0,199
1490,1490,1,0,0,0,0,0,0,1,0,0,0,0,0,0,0,1,0,0,199
1491,1491,0,0,0,0,1,0,0,0,0,0,0,0,0,0,0,0,0,0,199
1492,1492,0,0,0,0,0,0,0,0,0,0,0,0,0,1,0,0,0,0,199
1493,1493,0,0,0,0,1,0,0,0,0,0,0,0,0,0,0,0,0,0,199
1494,1494,0,0,0,0,0,0,0,1,0,0,0,0,0,0,0,0,0,0,199
1495,1495,0,0,0,0,1,1,0,0,0,0,0,0,0,0,0,0,0,0,199
1496,1496,0,0,0,0,0,0,1,0,0,0,0,0,0,0,0,0,0,0,199
1497,1497,0,0,0,0,1,0,0,0,0,0,0,0,0,0,0,0,0,0,199
1498,1498,0,0,0,0,1,0,0,0,0,0,0,0,0,0,0,0,0,0,199
1499,1499,0,0,0,0,1,0,0,0,0,0,0,0,0,0,0,0,0,0,199
1500,1500,0,0,0,0,0,0,0,0,0,0,0,0,0,0,0,0,1,0,199
1501,1501,0,0,0,0,1,0,0,0,0,0,0,0,0,1,0,0,0,0,199
1502,1502,0,1,0,1,0,0,0,0,0,0,0,0,0,0,0,0,0,0,199
1503,1503,0,0,0,0,1,0,0,0,0,0,0,0,0,0,0,0,0,0,199
1504,1504,0,0,0,0,0,1,0,1,0,0,0,0,0,0,0,0,0,0,199
1505,1505,0,0,0,0,0,0,0,1,0,0,0,0,0,0,0,0,0,0,199
1506,1506,0,0,0,0,1,0,0,0,0,0,0,0,0,0,0,0,0,0,199
1507,1507,0,0,0,0,0,0,0,1,0,0,0,0,0,0,0,1,0,0,199
1508,1508,0,0,0,0,1,0,0,0,0,0,0,0,0,0,0,0,0,0,199
1509,1509,0,0,0,0,0,1,0,0,0,0,0,0,0,0,0,0,0,0,199
1510,1510,0,0,0,0,1,0,0,0,0,0,0,0,0,0,0,0,0,0,199
1511,1511,0,0,0,0,0,0,0,1,0,0,0,0,0,0,0,0,0,0,199
1512,1512,0,0,0,0,1,0,0,0,0,0,0,0,0,0,0,0,0,0,199
1513,1513,0,0,0,0,0,0,0,1,0,0,0,0,0,0,0,0,0,0,199
1514,1514,0,1,0,0,0,0,0,0,0,0,0,0,0,1,0,0,0,0,199
1515,1515,0,0,0,0,0,0,0,1,0,0,0,0,0,0,0,0,0,0,199
1516,1516,0,0,0,0,0,0,0,1,0,0,0,0,0,0,0,0,0,0,199
1517,1517,0,0,0,0,0,0,0,1,0,0,0,0,0,0,0,0,0,0,199
1518,1518,0,0,0,0,0,1,0,1,0,0,0,0,0,0,0,0,0,0,199
1519,1519,0,0,0,0,0,0,0,0,0,0,1,0,0,0,0,0,0,0,199
1520,1520,0,0,0,0,1,0,0,0,0,0,0,0,0,1,0,0,0,0,199
1521,1521,0,0,0,0,0,0,0,0,0,0,0,0,0,0,0,1,0,0,199
1522,1522,1,1,0,0,0,0,0,0,0,0,0,0,0,0,0,0,0,0,199
1523,1523,0,0,0,0,0,0,0,1,0,0,0,0,0,0,0,0,0,0,199
1524,1524,0,0,0,0,1,0,0,0,0,0,0,0,0,1,0,0,0,0,199
1525,1525,0,0,0,0,0,0,0,1,0,0,0,0,0,1,0,1,0,0,198
1526,1526,0,0,0,0,1,0,0,0,0,0,0,0,0,0,0,0,0,0,199
1527,1527,0,0,0,0,0,0,0,1,0,0,0,0,0,0,0,0,0,0,199
1528,1528,0,0,0,0,0,0,0,0,0,0,0,0,0,0,0,0,1,0,199
1529,1529,0,0,0,0,0,0,0,1,0,0,0,0,0,0,0,0,0,0,199
1530,1530,0,1,0,1,0,0,0,0,0,0,0,0,0,0,0,0,0,0,199
1531,1531,0,0,0,0,0,0,0,1,0,0,0,0,0,0,0,0,0,0,199
1532,1532,0,0,0,0,0,0,0,1,0,0,0,0,0,0,0,0,0,0,199
1533,1533,0,0,0,0,1,1,0,0,0,0,0,0,0,0,0,0,0,0,199
1534,1534,0,0,0,0,0,0,0,1,0,0,0,0,0,0,0,0,0,0,199
1535,1535,0,0,0,0,0,0,0,1,0,0,0,0,0,0,0,0,0,0,199
1536,1536,0,0,0,0,1,0,0,0,0,0,0,0,0,0,0,0,0,0,199
1537,1537,0,0,0,0,0,0,0,1,0,0,0,0,0,0,0,0,0,0,199
1538,1538,0,0,0,0,0,0,0,1,0,0,0,0,0,0,0,0,0,0,199
1539,1539,0,1,0,1,0,0,0,0,0,0,0,0,0,0,0,0,0,0,199
1540,1540,0,0,0,0,0,0,0,1,0,0,0,0,0,0,0,0,0,0,199
1541,1541,0,0,0,0,0,0,0,1,0,0,0,0,0,0,0,0,0,0,192
1542,1542,0,0,0,0,0,0,0,1,0,0,0,0,0,0,0,0,0,0,199
1543,1543,0,0,0,0,1,0,0,0,0,0,0,0,0,0,0,0,0,0,199
1544,1544,0,0,0,0,0,0,0,1,0,0,0,0,0,1,0,0,0,0,199
1545,1545,0,0,0,0,0,0,0,1,0,0,0,0,0,0,0,0,0,0,198
1546,1546,0,0,0,0,0,0,1,0,0,0,0,0,0,0,0,0,0,0,199
1547,1547,1,0,0,0,0,0,0,0,0,0,0,0,0,0,0,1,0,0,199
1548,1548,0,0,0,0,0,0,0,0,0,0,0,0,0,0,0,1,0,0,199
1549,1549,0,0,0,0,1,0,0,0,0,0,0,0,0,0,0,0,0,0,199
1550,1550,0,0,0,0,0,0,0,1,0,0,0,0,0,0,0,0,0,0,199
1551,1551,1,0,0,0,0,0,0,0,0,0,0,0,0,0,0,0,0,0,199
1552,1552,0,0,0,0,0,0,0,0,0,0,0,0,1,0,0,1,0,0,199
1553,1553,0,0,0,0,0,0,0,1,0,0,0,0,0,0,0,0,0,0,199
1554,1554,0,1,0,1,0,0,0,0,0,0,0,0,0,0,0,0,0,0,199
1555,1555,1,0,0,0,0,0,0,1,0,0,0,0,0,0,0,1,0,0,199
1556,1556,0,0,0,0,1,0,0,1,0,0,0,0,0,0,0,0,0,0,199
1557,1557,0,0,0,0,0,0,0,1,0,0,0,0,0,0,0,0,0,0,199
1558,1558,1,0,0,0,0,0,0,1,0,0,0,0,0,0,0,1,0,0,199
1559,1559,0,0,0,0,0,1,0,0,0,0,0,0,0,0,0,0,0,0,198
1560,1560,0,0,0,0,0,0,1,1,0,0,0,0,0,0,0,0,0,0,199
1561,1561,0,0,0,0,0,0,1,0,0,0,0,0,0,0,0,0,0,0,199
1562,1562,0,0,0,0,0,0,0,0,0,0,0,0,0,1,0,0,0,0,199
1563,1563,0,0,0,0,0,0,0,1,0,0,0,0,0,0,0,0,0,0,199
1564,1564,0,0,0,0,0,0,0,1,0,0,0,0,0,0,0,0,0,0,199
1565,1565,0,0,0,0,0,0,0,1,0,0,0,0,0,0,0,0,0,0,194
1566,1566,0,0,0,0,1,0,0,0,0,0,0,0,0,0,0,0,0,0,199
1567,1567,0,0,0,0,1,0,0,0,0,0,0,0,0,1,0,0,0,0,199
1568,1568,0,0,0,0,1,0,0,1,0,0,0,0,0,0,0,0,0,0,198
1569,1569,0,0,0,0,1,0,0,0,0,0,0,0,0,0,0,0,0,0,199
1570,1570,0,0,0,0,0,0,0,1,0,0,0,0,0,0,0,0,0,0,197
1571,1571,0,0,0,0,0,0,0,1,0,0,0,0,0,0,0,0,0,0,198
1572,1572,0,0,0,0,0,0,0,0,0,0,1,0,0,0,0,0,0,0,196
1573,1573,0,0,0,0,0,0,0,0,0,0,0,0,0,0,0,0,1,0,199
1574,1574,0,0,0,0,0,0,0,1,0,0,0,0,0,0,0,0,0,0,199
1575,1575,0,0,0,0,0,0,0,0,1,0,0,0,0,0,0,0,0,0,198
1576,1576,0,0,0,0,0,0,0,1,0,0,0,0,0,0,0,0,0,0,195
1577,1577,0,0,0,0,0,0,0,1,0,0,0,0,0,0,0,0,0,0,196
1578,1578,0,0,0,0,0,0,0,0,0,0,0,0,0,0,0,1,0,0,198
1579,1579,0,0,0,0,0,0,0,0,0,0,0,0,0,1,0,0,0,0,193
1580,1580,0,0,0,0,0,0,0,0,0,0,0,0,1,0,0,0,0,0,195
1581,1581,0,0,0,0,0,0,0,0,0,1,0,0,0,0,0,0,0,0,194
1582,1582,0,0,0,0,0,0,0,1,0,0,0,0,0,0,0,0,0,0,198
1583,1583,0,0,0,0,0,0,0,1,0,0,0,0,0,0,0,0,0,0,194
1584,1584,0,0,0,0,0,0,1,0,0,0,0,0,0,0,0,0,0,0,199
1585,1585,1,0,0,0,0,1,0,1,0,0,0,0,0,0,0,0,0,0,199
1586,1586,0,0,0,0,0,0,0,0,0,0,0,0,0,0,0,0,0,1,195
1587,1587,0,0,0,0,1,0,0,1,0,0,0,0,0,0,0,0,0,0,199
1588,1588,0,0,0,0,1,0,0,0,0,0,0,0,0,0,0,0,0,0,199
1589,1589,0,0,0,0,0,0,0,1,0,0,0,0,0,0,0,0,0,0,199
1590,1590,0,0,0,0,0,0,0,1,0,0,0,0,0,0,0,0,0,0,199
1591,1591,0,0,0,0,0,0,0,1,0,0,0,0,0,0,0,0,0,0,199
1592,1592,0,0,0,0,1,0,0,0,0,0,0,0,0,0,0,0,0,0,199
1593,1593,0,0,0,0,0,0,1,0,0,0,0,0,0,0,0,0,0,0,199
1594,1594,1,0,0,0,0,0,0,0,0,0,0,0,0,0,0,1,0,0,199
1595,1595,1,0,0,0,0,0,0,0,0,0,0,0,0,0,1,1,0,0,199
1596,1596,1,0,0,0,0,0,0,1,0,0,0,0,0,0,0,0,0,0,199
1597,1597,0,0,0,0,0,1,0,0,0,0,0,0,0,0,0,1,0,0,199
1598,1598,0,0,0,0,0,0,0,1,0,0,0,0,0,0,0,0,0,0,199
1599,1599,0,0,0,0,1,0,0,0,0,0,0,0,0,0,0,0,0,0,199
1600,1600,0,0,0,0,0,0,0,0,0,0,0,0,0,0,0,1,0,0,199
1601,1601,0,0,0,0,0,0,0,1,0,0,0,0,0,0,0,0,0,0,199
1602,1602,0,0,0,0,0,0,0,1,0,0,0,0,0,0,0,0,0,0,199
1603,1603,0,0,0,0,0,1,0,0,0,1,0,0,0,0,0,1,0,0,194
1604,1604,0,0,0,0,1,0,0,0,0,0,0,0,0,0,0,0,0,0,199
1605,1605,0,0,0,0,0,1,0,0,0,0,0,0,0,0,0,0,0,0,199
1606,1606,0,0,0,0,0,0,0,1,0,0,0,0,0,0,0,0,0,0,199
1607,1607,0,1,0,1,0,0,0,1,0,0,0,0,0,0,0,0,0,0,199
1608,1608,0,0,0,0,1,0,0,0,0,0,0,0,0,0,0,0,0,0,199
1609,1609,1,0,0,0,0,1,0,0,0,0,0,0,0,1,0,0,0,0,199
1610,1610,0,0,0,0,1,0,0,0,0,0,0,0,0,0,0,0,0,0,199
1611,1611,0,0,0,0,0,0,0,0,0,0,0,0,0,1,0,0,0,0,199
1612,1612,1,0,0,0,0,0,0,1,0,0,0,0,0,0,0,0,0,0,199
1613,1613,0,0,0,0,1,0,0,1,0,0,0,0,0,0,0,0,0,0,195
1614,1614,1,1,0,1,0,0,0,0,1,0,0,0,0,0,0,0,0,0,199
1615,1615,0,0,0,0,0,0,0,1,0,0,0,0,0,0,0,0,0,0,199
1616,1616,0,0,0,0,0,0,0,0,0,0,0,0,0,1,0,0,0,0,199
1617,1617,1,0,0,0,0,1,0,0,0,0,0,0,0,0,0,0,0,0,199
1618,1618,0,0,0,0,0,0,0,1,0,0,0,0,0,0,0,0,0,0,199
1619,1619,0,0,0,0,1,0,0,0,0,0,0,0,0,0,0,0,0,0,199
1620,1620,0,0,0,0,0,0,0,0,0,0,0,0,0,0,0,1,0,0,199
1621,1621,0,0,0,0,1,0,0,0,0,0,0,0,0,0,0,0,0,0,199
1622,1622,0,0,0,0,0,0,0,1,0,0,0,0,0,0,0,0,0,0,199
1623,1623,0,0,0,0,0,0,0,0,0,0,0,0,0,0,0,1,0,0,199
1624,1624,0,0,0,0,0,0,0,0,0,0,1,0,0,0,0,1,0,0,199
1625,1625,0,0,0,0,1,0,0,1,0,0,0,0,0,0,0,0,0,0,199
1626,1626,0,0,0,0,1,0,0,1,0,0,0,0,0,0,0,0,0,0,199
1627,1627,0,0,0,0,0,0,0,1,0,0,0,0,0,0,0,0,0,0,199
1628,1628,0,0,0,0,0,0,1,0,0,0,0,0,0,0,0,0,0,0,199
1629,1629,0,0,0,0,0,0,0,1,0,0,0,0,0,0,0,0,0,0,199
1630,1630,0,0,0,0,1,0,0,1,0,0,0,0,0,0,0,0,0,0,199
1631,1631,0,0,0,0,0,0,0,0,0,0,0,0,0,0,0,0,1,0,199
1632,1632,0,0,0,0,1,0,0,1,0,0,0,0,0,0,0,0,0,0,199
1633,1633,0,0,0,0,0,0,0,1,0,0,0,0,0,0,0,0,0,0,199
1634,1634,0,0,0,0,0,0,0,1,0,0,0,0,0,0,0,0,0,0,198
1635,1635,0,0,0,0,0,0,0,1,0,0,0,0,0,0,0,0,0,0,199
1636,1636,0,0,0,0,0,0,0,1,0,0,0,0,0,0,0,0,0,0,199
1637,1637,0,0,0,0,0,1,0,1,0,0,0,0,0,0,0,0,0,0,199
1638,1638,0,0,0,0,0,0,0,1,0,0,0,0,0,0,0,0,0,0,199
1639,1639,0,0,0,0,0,0,0,1,0,0,0,0,0,0,0,0,0,0,199
1640,1640,0,0,0,0,0,0,1,0,0,0,0,0,0,0,0,0,0,0,199
1641,1641,0,0,0,0,0,0,0,1,0,0,0,0,0,0,0,0,0,0,199
1642,1642,0,0,0,0,0,0,0,1,0,0,0,0,0,0,0,0,0,0,199
1643,1643,0,0,0,0,1,0,0,0,0,0,0,0,0,0,0,0,0,0,199
1644,1644,0,0,0,0,0,0,0,1,0,0,0,0,0,0,0,0,0,0,199
1645,1645,1,0,0,0,0,0,0,1,0,0,0,0,0,0,0,0,0,0,199
1646,1646,0,0,0,0,1,1,0,1,0,0,0,0,0,0,0,0,0,0,199
1647,1647,0,0,0,0,0,0,0,1,0,0,0,0,0,0,0,0,0,0,199
1648,1648,0,0,0,0,1,0,1,0,0,0,0,0,0,0,0,0,0,0,199
1649,1649,0,0,0,0,0,0,0,1,0,0,0,0,0,0,0,0,0,0,199
1650,1650,0,0,0,0,0,0,0,1,0,0,0,0,0,0,0,1,0,0,199
1651,1651,0,0,0,0,0,0,0,0,0,0,0,0,0,1,0,0,0,0,199
1652,1652,0,0,0,0,0,0,0,1,0,0,0,0,0,0,0,0,0,0,199
1653,1653,0,0,0,0,1,0,0,0,0,0,0,0,0,0,0,0,0,0,199
1654,1654,0,0,0,0,1,0,0,0,0,0,0,0,0,1,0,0,0,0,199
1655,1655,0,0,0,0,1,0,0,0,0,0,0,0,0,1,0,0,0,0,199
1656,1656,1,0,0,0,0,0,0,1,0,0,0,0,0,0,0,0,0,0,199
1657,1657,0,0,0,0,0,0,0,1,0,0,0,0,0,0,0,0,0,0,199
1658,1658,0,0,0,0,1,0,0,0,0,0,0,0,0,0,0,0,0,0,199
1659,1659,0,0,0,0,0,0,0,1,0,0,0,0,0,0,0,0,0,0,199
1660,1660,0,0,0,0,0,0,0,1,0,0,0,0,0,0,0,0,0,0,199
1661,1661,0,0,0,0,0,0,0,1,0,0,0,0,0,1,0,0,0,0,199
1662,1662,0,0,0,0,0,0,0,1,0,0,0,0,0,0,0,0,1,0,199
1663,1663,0,0,0,0,1,0,0,0,0,0,0,0,0,0,0,0,0,0,199
1664,1664,0,0,0,0,0,0,0,1,0,0,0,0,0,0,0,0,0,0,199
1665,1665,0,0,0,0,0,0,0,1,0,0,0,0,0,0,0,0,0,0,199
1666,1666,0,0,0,0,0,0,0,1,0,0,0,0,0,0,0,0,0,0,199
1667,1667,0,0,0,0,1,0,0,0,0,0,0,0,0,0,0,0,0,0,199
1668,1668,0,0,0,0,0,1,0,1,0,0,0,0,1,0,0,0,0,0,199
1669,1669,0,0,0,0,1,0,0,0,0,0,0,0,0,0,0,1,0,0,199
1670,1670,0,0,0,0,0,0,0,1,0,0,0,0,0,0,0,0,0,0,199
1671,1671,0,0,0,0,0,0,0,1,0,0,0,0,0,0,0,0,0,0,199
1672,1672,1,0,0,0,0,0,0,0,0,0,0,0,0,0,0,1,0,0,199
1673,1673,0,0,0,0,0,0,0,1,0,0,0,0,0,0,0,0,0,0,196
1674,1674,0,0,0,0,0,0,0,1,0,0,0,0,0,0,0,0,0,0,199
1675,1675,0,0,0,0,0,0,0,1,0,0,0,0,0,0,0,0,0,0,199
1676,1676,0,0,0,0,0,0,0,1,0,0,0,0,0,0,0,0,0,0,199
1677,1677,0,0,0,0,0,0,0,1,0,0,0,0,0,0,0,0,0,0,199
1678,1678,0,0,0,0,0,0,0,0,0,0,0,0,0,1,0,1,0,0,199
1679,1679,0,0,0,0,0,0,0,1,0,0,0,0,0,1,0,0,0,0,199
1680,1680,0,0,0,0,1,0,0,0,0,0,0,0,0,0,0,0,0,0,199
1681,1681,0,0,0,0,0,0,0,1,0,0,0,0,0,0,0,0,0,0,199
